id,url,title_korean,title_japanese,title_english,format,status,year,quarter,start_date,end_date,total_episodes,duration,genres,tags,synopsis,num_characters,main_characters,director,studio,original_work,error
,,,,,,,,,,,,,,,,,,,,,HTTP 500 에러
,,,,,,,,,,,,,,,,,,,,,HTTP 500 에러
,,,,,,,,,,,,,,,,,,,,,HTTP 500 에러
,,,,,,,,,,,,,,,,,,,,,HTTP 404 에러
,,,,,,,,,,,,,,,,,,,,,HTTP 404 에러
,,,,,,,,,,,,,,,,,,,,,HTTP 500 에러
,,,,,,,,,,,,,,,,,,,,,HTTP 404 에러
,,,,,,,,,,,,,,,,,,,,,HTTP 404 에러
,,,,,,,,,,,,,,,,,,,,,HTTP 404 에러
,,,,,,,,,,,,,,,,,,,,,HTTP 404 에러
,,,,,,,,,,,,,,,,,,,,,HTTP 500 에러
,,,,,,,,,,,,,,,,,,,,,HTTP 500 에러
,,,,,,,,,,,,,,,,,,,,,HTTP 500 에러
,,,,,,,,,,,,,,,,,,,,,HTTP 500 에러
,,,,,,,,,,,,,,,,,,,,,HTTP 500 에러
,,,,,,,,,,,,,,,,,,,,,HTTP 404 에러
,,,,,,,,,,,,,,,,,,,,,HTTP 404 에러
,,,,,,,,,,,,,,,,,,,,,HTTP 500 에러
,,,,,,,,,,,,,,,,,,,,,HTTP 404 에러
,,,,,,,,,,,,,,,,,,,,,HTTP 500 에러
,,,,,,,,,,,,,,,,,,,,,HTTP 500 에러
,,,,,,,,,,,,,,,,,,,,,HTTP 500 에러
,,,,,,,,,,,,,,,,,,,,,HTTP 500 에러
,,,,,,,,,,,,,,,,,,,,,HTTP 500 에러
,,,,,,,,,,,,,,,,,,,,,HTTP 404 에러
,,,,,,,,,,,,,,,,,,,,,HTTP 404 에러
,,,,,,,,,,,,,,,,,,,,,HTTP 404 에러
,,,,,,,,,,,,,,,,,,,,,HTTP 500 에러
,,,,,,,,,,,,,,,,,,,,,HTTP 404 에러
,,,,,,,,,,,,,,,,,,,,,HTTP 500 에러
,,,,,,,,,,,,,,,,,,,,,HTTP 500 에러
,,,,,,,,,,,,,,,,,,,,,HTTP 500 에러
,,,,,,,,,,,,,,,,,,,,,HTTP 404 에러
,,,,,,,,,,,,,,,,,,,,,HTTP 404 에러
,,,,,,,,,,,,,,,,,,,,,HTTP 500 에러
,,,,,,,,,,,,,,,,,,,,,HTTP 404 에러
,,,,,,,,,,,,,,,,,,,,,HTTP 404 에러
,,,,,,,,,,,,,,,,,,,,,HTTP 404 에러
,,,,,,,,,,,,,,,,,,,,,HTTP 404 에러
,,,,,,,,,,,,,,,,,,,,,HTTP 404 에러
,,,,,,,,,,,,,,,,,,,,,HTTP 404 에러
,,,,,,,,,,,,,,,,,,,,,HTTP 404 에러
,,,,,,,,,,,,,,,,,,,,,HTTP 404 에러
,,,,,,,,,,,,,,,,,,,,,HTTP 404 에러
,,,,,,,,,,,,,,,,,,,,,HTTP 404 에러
,,,,,,,,,,,,,,,,,,,,,HTTP 404 에러
,,,,,,,,,,,,,,,,,,,,,HTTP 404 에러
,,,,,,,,,,,,,,,,,,,,,HTTP 404 에러
,,,,,,,,,,,,,,,,,,,,,HTTP 404 에러
,,,,,,,,,,,,,,,,,,,,,HTTP 404 에러
,,,,,,,,,,,,,,,,,,,,,HTTP 404 에러
,,,,,,,,,,,,,,,,,,,,,HTTP 500 에러
,,,,,,,,,,,,,,,,,,,,,HTTP 404 에러
,,,,,,,,,,,,,,,,,,,,,HTTP 404 에러
,,,,,,,,,,,,,,,,,,,,,HTTP 500 에러
,,,,,,,,,,,,,,,,,,,,,HTTP 404 에러
,,,,,,,,,,,,,,,,,,,,,HTTP 404 에러
,,,,,,,,,,,,,,,,,,,,,HTTP 500 에러
,,,,,,,,,,,,,,,,,,,,,HTTP 500 에러
,,,,,,,,,,,,,,,,,,,,,HTTP 404 에러
,,,,,,,,,,,,,,,,,,,,,HTTP 500 에러
,,,,,,,,,,,,,,,,,,,,,HTTP 500 에러
,,,,,,,,,,,,,,,,,,,,,HTTP 404 에러
,,,,,,,,,,,,,,,,,,,,,HTTP 404 에러
,,,,,,,,,,,,,,,,,,,,,HTTP 500 에러
,,,,,,,,,,,,,,,,,,,,,HTTP 404 에러
,,,,,,,,,,,,,,,,,,,,,HTTP 500 에러
,,,,,,,,,,,,,,,,,,,,,HTTP 500 에러
,,,,,,,,,,,,,,,,,,,,,HTTP 500 에러
,,,,,,,,,,,,,,,,,,,,,HTTP 500 에러
,,,,,,,,,,,,,,,,,,,,,HTTP 404 에러
,,,,,,,,,,,,,,,,,,,,,HTTP 500 에러
,,,,,,,,,,,,,,,,,,,,,HTTP 500 에러
,,,,,,,,,,,,,,,,,,,,,HTTP 404 에러
,,,,,,,,,,,,,,,,,,,,,HTTP 404 에러
,,,,,,,,,,,,,,,,,,,,,HTTP 500 에러
,,,,,,,,,,,,,,,,,,,,,HTTP 404 에러
,,,,,,,,,,,,,,,,,,,,,HTTP 404 에러
,,,,,,,,,,,,,,,,,,,,,HTTP 404 에러
,,,,,,,,,,,,,,,,,,,,,HTTP 500 에러
,,,,,,,,,,,,,,,,,,,,,HTTP 500 에러
,,,,,,,,,,,,,,,,,,,,,HTTP 500 에러
,,,,,,,,,,,,,,,,,,,,,HTTP 500 에러
,,,,,,,,,,,,,,,,,,,,,HTTP 404 에러
,,,,,,,,,,,,,,,,,,,,,HTTP 404 에러
,,,,,,,,,,,,,,,,,,,,,HTTP 404 에러
,,,,,,,,,,,,,,,,,,,,,HTTP 404 에러
,,,,,,,,,,,,,,,,,,,,,HTTP 404 에러
,,,,,,,,,,,,,,,,,,,,,HTTP 404 에러
,,,,,,,,,,,,,,,,,,,,,HTTP 404 에러
,,,,,,,,,,,,,,,,,,,,,HTTP 404 에러
,,,,,,,,,,,,,,,,,,,,,HTTP 404 에러
,,,,,,,,,,,,,,,,,,,,,HTTP 404 에러
,,,,,,,,,,,,,,,,,,,,,HTTP 404 에러
,,,,,,,,,,,,,,,,,,,,,HTTP 404 에러
,,,,,,,,,,,,,,,,,,,,,HTTP 404 에러
,,,,,,,,,,,,,,,,,,,,,HTTP 404 에러
,,,,,,,,,,,,,,,,,,,,,HTTP 404 에러
,,,,,,,,,,,,,,,,,,,,,HTTP 404 에러
,,,,,,,,,,,,,,,,,,,,,HTTP 404 에러
,,,,,,,,,,,,,,,,,,,,,HTTP 404 에러
,,,,,,,,,,,,,,,,,,,,,HTTP 404 에러
,,,,,,,,,,,,,,,,,,,,,HTTP 404 에러
,,,,,,,,,,,,,,,,,,,,,HTTP 404 에러
,,,,,,,,,,,,,,,,,,,,,HTTP 404 에러
,,,,,,,,,,,,,,,,,,,,,HTTP 404 에러
,,,,,,,,,,,,,,,,,,,,,HTTP 404 에러
,,,,,,,,,,,,,,,,,,,,,HTTP 404 에러
,,,,,,,,,,,,,,,,,,,,,HTTP 404 에러
,,,,,,,,,,,,,,,,,,,,,HTTP 404 에러
,,,,,,,,,,,,,,,,,,,,,HTTP 404 에러
,,,,,,,,,,,,,,,,,,,,,HTTP 404 에러
,,,,,,,,,,,,,,,,,,,,,HTTP 404 에러
,,,,,,,,,,,,,,,,,,,,,HTTP 404 에러
,,,,,,,,,,,,,,,,,,,,,HTTP 404 에러
,,,,,,,,,,,,,,,,,,,,,HTTP 404 에러
,,,,,,,,,,,,,,,,,,,,,HTTP 404 에러
,,,,,,,,,,,,,,,,,,,,,HTTP 404 에러
,,,,,,,,,,,,,,,,,,,,,HTTP 404 에러
,,,,,,,,,,,,,,,,,,,,,HTTP 404 에러
,,,,,,,,,,,,,,,,,,,,,HTTP 404 에러
,,,,,,,,,,,,,,,,,,,,,HTTP 404 에러
,,,,,,,,,,,,,,,,,,,,,HTTP 404 에러
,,,,,,,,,,,,,,,,,,,,,HTTP 404 에러
,,,,,,,,,,,,,,,,,,,,,HTTP 404 에러
,,,,,,,,,,,,,,,,,,,,,HTTP 404 에러
,,,,,,,,,,,,,,,,,,,,,HTTP 404 에러
,,,,,,,,,,,,,,,,,,,,,HTTP 404 에러
,,,,,,,,,,,,,,,,,,,,,HTTP 404 에러
,,,,,,,,,,,,,,,,,,,,,HTTP 404 에러
,,,,,,,,,,,,,,,,,,,,,HTTP 404 에러
,,,,,,,,,,,,,,,,,,,,,HTTP 404 에러
,,,,,,,,,,,,,,,,,,,,,HTTP 404 에러
,,,,,,,,,,,,,,,,,,,,,HTTP 404 에러
,,,,,,,,,,,,,,,,,,,,,HTTP 404 에러
,,,,,,,,,,,,,,,,,,,,,HTTP 404 에러
,,,,,,,,,,,,,,,,,,,,,HTTP 404 에러
,,,,,,,,,,,,,,,,,,,,,HTTP 404 에러
,,,,,,,,,,,,,,,,,,,,,HTTP 404 에러
,,,,,,,,,,,,,,,,,,,,,HTTP 404 에러
,,,,,,,,,,,,,,,,,,,,,HTTP 404 에러
,,,,,,,,,,,,,,,,,,,,,HTTP 404 에러
,,,,,,,,,,,,,,,,,,,,,HTTP 404 에러
,,,,,,,,,,,,,,,,,,,,,HTTP 404 에러
,,,,,,,,,,,,,,,,,,,,,HTTP 404 에러
,,,,,,,,,,,,,,,,,,,,,HTTP 500 에러
,,,,,,,,,,,,,,,,,,,,,HTTP 404 에러
,,,,,,,,,,,,,,,,,,,,,HTTP 404 에러
,,,,,,,,,,,,,,,,,,,,,HTTP 404 에러
,,,,,,,,,,,,,,,,,,,,,HTTP 404 에러
,,,,,,,,,,,,,,,,,,,,,HTTP 404 에러
,,,,,,,,,,,,,,,,,,,,,HTTP 404 에러
,,,,,,,,,,,,,,,,,,,,,HTTP 404 에러
,,,,,,,,,,,,,,,,,,,,,HTTP 404 에러
,,,,,,,,,,,,,,,,,,,,,HTTP 404 에러
,,,,,,,,,,,,,,,,,,,,,HTTP 404 에러
,,,,,,,,,,,,,,,,,,,,,HTTP 404 에러
,,,,,,,,,,,,,,,,,,,,,HTTP 404 에러
,,,,,,,,,,,,,,,,,,,,,HTTP 404 에러
,,,,,,,,,,,,,,,,,,,,,HTTP 404 에러
,,,,,,,,,,,,,,,,,,,,,HTTP 404 에러
,,,,,,,,,,,,,,,,,,,,,HTTP 404 에러
,,,,,,,,,,,,,,,,,,,,,HTTP 404 에러
,,,,,,,,,,,,,,,,,,,,,HTTP 404 에러
,,,,,,,,,,,,,,,,,,,,,HTTP 404 에러
,,,,,,,,,,,,,,,,,,,,,HTTP 404 에러
,,,,,,,,,,,,,,,,,,,,,HTTP 404 에러
,,,,,,,,,,,,,,,,,,,,,HTTP 404 에러
,,,,,,,,,,,,,,,,,,,,,HTTP 404 에러
,,,,,,,,,,,,,,,,,,,,,HTTP 404 에러
,,,,,,,,,,,,,,,,,,,,,HTTP 404 에러
,,,,,,,,,,,,,,,,,,,,,HTTP 404 에러
,,,,,,,,,,,,,,,,,,,,,HTTP 404 에러
,,,,,,,,,,,,,,,,,,,,,HTTP 404 에러
,,,,,,,,,,,,,,,,,,,,,HTTP 404 에러
,,,,,,,,,,,,,,,,,,,,,HTTP 404 에러
,,,,,,,,,,,,,,,,,,,,,HTTP 404 에러
,,,,,,,,,,,,,,,,,,,,,HTTP 404 에러
,,,,,,,,,,,,,,,,,,,,,HTTP 404 에러
,,,,,,,,,,,,,,,,,,,,,HTTP 404 에러
,,,,,,,,,,,,,,,,,,,,,HTTP 404 에러
,,,,,,,,,,,,,,,,,,,,,HTTP 404 에러
,,,,,,,,,,,,,,,,,,,,,HTTP 404 에러
,,,,,,,,,,,,,,,,,,,,,HTTP 404 에러
,,,,,,,,,,,,,,,,,,,,,HTTP 404 에러
,,,,,,,,,,,,,,,,,,,,,HTTP 404 에러
,,,,,,,,,,,,,,,,,,,,,HTTP 404 에러
,,,,,,,,,,,,,,,,,,,,,HTTP 404 에러
,,,,,,,,,,,,,,,,,,,,,HTTP 404 에러
,,,,,,,,,,,,,,,,,,,,,HTTP 404 에러
,,,,,,,,,,,,,,,,,,,,,HTTP 404 에러
,,,,,,,,,,,,,,,,,,,,,HTTP 404 에러
,,,,,,,,,,,,,,,,,,,,,HTTP 404 에러
,,,,,,,,,,,,,,,,,,,,,HTTP 404 에러
,,,,,,,,,,,,,,,,,,,,,HTTP 404 에러
,,,,,,,,,,,,,,,,,,,,,HTTP 404 에러
,,,,,,,,,,,,,,,,,,,,,HTTP 404 에러
,,,,,,,,,,,,,,,,,,,,,HTTP 404 에러
,,,,,,,,,,,,,,,,,,,,,HTTP 404 에러
,,,,,,,,,,,,,,,,,,,,,HTTP 404 에러
,,,,,,,,,,,,,,,,,,,,,HTTP 404 에러
,,,,,,,,,,,,,,,,,,,,,HTTP 404 에러
,,,,,,,,,,,,,,,,,,,,,HTTP 404 에러
,,,,,,,,,,,,,,,,,,,,,HTTP 404 에러
,,,,,,,,,,,,,,,,,,,,,HTTP 404 에러
,,,,,,,,,,,,,,,,,,,,,HTTP 404 에러
,,,,,,,,,,,,,,,,,,,,,HTTP 404 에러
,,,,,,,,,,,,,,,,,,,,,HTTP 404 에러
,,,,,,,,,,,,,,,,,,,,,HTTP 404 에러
,,,,,,,,,,,,,,,,,,,,,HTTP 404 에러
,,,,,,,,,,,,,,,,,,,,,HTTP 404 에러
,,,,,,,,,,,,,,,,,,,,,HTTP 404 에러
,,,,,,,,,,,,,,,,,,,,,HTTP 404 에러
,,,,,,,,,,,,,,,,,,,,,HTTP 404 에러
,,,,,,,,,,,,,,,,,,,,,HTTP 404 에러
,,,,,,,,,,,,,,,,,,,,,HTTP 404 에러
,,,,,,,,,,,,,,,,,,,,,HTTP 404 에러
,,,,,,,,,,,,,,,,,,,,,HTTP 404 에러
,,,,,,,,,,,,,,,,,,,,,HTTP 404 에러
,,,,,,,,,,,,,,,,,,,,,HTTP 404 에러
,,,,,,,,,,,,,,,,,,,,,HTTP 404 에러
,,,,,,,,,,,,,,,,,,,,,HTTP 404 에러
,,,,,,,,,,,,,,,,,,,,,HTTP 404 에러
,,,,,,,,,,,,,,,,,,,,,HTTP 404 에러
,,,,,,,,,,,,,,,,,,,,,HTTP 404 에러
,,,,,,,,,,,,,,,,,,,,,HTTP 404 에러
,,,,,,,,,,,,,,,,,,,,,HTTP 404 에러
,,,,,,,,,,,,,,,,,,,,,HTTP 404 에러
,,,,,,,,,,,,,,,,,,,,,HTTP 404 에러
,,,,,,,,,,,,,,,,,,,,,HTTP 404 에러
,,,,,,,,,,,,,,,,,,,,,HTTP 404 에러
,,,,,,,,,,,,,,,,,,,,,HTTP 404 에러
,,,,,,,,,,,,,,,,,,,,,HTTP 404 에러
,,,,,,,,,,,,,,,,,,,,,HTTP 404 에러
,,,,,,,,,,,,,,,,,,,,,HTTP 404 에러
,,,,,,,,,,,,,,,,,,,,,HTTP 404 에러
,,,,,,,,,,,,,,,,,,,,,HTTP 404 에러
,,,,,,,,,,,,,,,,,,,,,HTTP 404 에러
,,,,,,,,,,,,,,,,,,,,,HTTP 404 에러
,,,,,,,,,,,,,,,,,,,,,HTTP 404 에러
,,,,,,,,,,,,,,,,,,,,,HTTP 404 에러
,,,,,,,,,,,,,,,,,,,,,HTTP 404 에러
,,,,,,,,,,,,,,,,,,,,,HTTP 404 에러
,,,,,,,,,,,,,,,,,,,,,HTTP 404 에러
,,,,,,,,,,,,,,,,,,,,,HTTP 404 에러
,,,,,,,,,,,,,,,,,,,,,HTTP 404 에러
,,,,,,,,,,,,,,,,,,,,,HTTP 404 에러
,,,,,,,,,,,,,,,,,,,,,HTTP 404 에러
,,,,,,,,,,,,,,,,,,,,,HTTP 404 에러
,,,,,,,,,,,,,,,,,,,,,HTTP 404 에러
,,,,,,,,,,,,,,,,,,,,,HTTP 404 에러
,,,,,,,,,,,,,,,,,,,,,HTTP 404 에러
,,,,,,,,,,,,,,,,,,,,,HTTP 404 에러
,,,,,,,,,,,,,,,,,,,,,HTTP 404 에러
,,,,,,,,,,,,,,,,,,,,,HTTP 404 에러
,,,,,,,,,,,,,,,,,,,,,HTTP 404 에러
,,,,,,,,,,,,,,,,,,,,,HTTP 404 에러
,,,,,,,,,,,,,,,,,,,,,HTTP 404 에러
,,,,,,,,,,,,,,,,,,,,,HTTP 404 에러
,,,,,,,,,,,,,,,,,,,,,HTTP 404 에러
,,,,,,,,,,,,,,,,,,,,,HTTP 404 에러
,,,,,,,,,,,,,,,,,,,,,HTTP 404 에러
,,,,,,,,,,,,,,,,,,,,,HTTP 404 에러
,,,,,,,,,,,,,,,,,,,,,HTTP 404 에러
,,,,,,,,,,,,,,,,,,,,,HTTP 404 에러
,,,,,,,,,,,,,,,,,,,,,HTTP 404 에러
,,,,,,,,,,,,,,,,,,,,,HTTP 404 에러
,,,,,,,,,,,,,,,,,,,,,HTTP 404 에러
,,,,,,,,,,,,,,,,,,,,,HTTP 404 에러
,,,,,,,,,,,,,,,,,,,,,HTTP 404 에러
,,,,,,,,,,,,,,,,,,,,,HTTP 404 에러
,,,,,,,,,,,,,,,,,,,,,HTTP 404 에러
,,,,,,,,,,,,,,,,,,,,,HTTP 404 에러
,,,,,,,,,,,,,,,,,,,,,HTTP 404 에러
,,,,,,,,,,,,,,,,,,,,,HTTP 404 에러
,,,,,,,,,,,,,,,,,,,,,HTTP 404 에러
,,,,,,,,,,,,,,,,,,,,,HTTP 404 에러
,,,,,,,,,,,,,,,,,,,,,HTTP 404 에러
,,,,,,,,,,,,,,,,,,,,,HTTP 404 에러
,,,,,,,,,,,,,,,,,,,,,HTTP 404 에러
,,,,,,,,,,,,,,,,,,,,,HTTP 404 에러
,,,,,,,,,,,,,,,,,,,,,HTTP 404 에러
,,,,,,,,,,,,,,,,,,,,,HTTP 404 에러
,,,,,,,,,,,,,,,,,,,,,HTTP 404 에러
,,,,,,,,,,,,,,,,,,,,,HTTP 404 에러
,,,,,,,,,,,,,,,,,,,,,HTTP 404 에러
,,,,,,,,,,,,,,,,,,,,,HTTP 404 에러
,,,,,,,,,,,,,,,,,,,,,HTTP 404 에러
,,,,,,,,,,,,,,,,,,,,,HTTP 404 에러
,,,,,,,,,,,,,,,,,,,,,HTTP 404 에러
,,,,,,,,,,,,,,,,,,,,,HTTP 404 에러
,,,,,,,,,,,,,,,,,,,,,HTTP 404 에러
,,,,,,,,,,,,,,,,,,,,,HTTP 404 에러
,,,,,,,,,,,,,,,,,,,,,HTTP 404 에러
,,,,,,,,,,,,,,,,,,,,,HTTP 404 에러
,,,,,,,,,,,,,,,,,,,,,HTTP 404 에러
,,,,,,,,,,,,,,,,,,,,,HTTP 404 에러
,,,,,,,,,,,,,,,,,,,,,HTTP 404 에러
,,,,,,,,,,,,,,,,,,,,,HTTP 404 에러
,,,,,,,,,,,,,,,,,,,,,HTTP 404 에러
,,,,,,,,,,,,,,,,,,,,,HTTP 404 에러
,,,,,,,,,,,,,,,,,,,,,HTTP 404 에러
,,,,,,,,,,,,,,,,,,,,,HTTP 404 에러
,,,,,,,,,,,,,,,,,,,,,HTTP 404 에러
,,,,,,,,,,,,,,,,,,,,,HTTP 404 에러
,,,,,,,,,,,,,,,,,,,,,HTTP 404 에러
,,,,,,,,,,,,,,,,,,,,,HTTP 404 에러
,,,,,,,,,,,,,,,,,,,,,HTTP 404 에러
,,,,,,,,,,,,,,,,,,,,,HTTP 404 에러
,,,,,,,,,,,,,,,,,,,,,HTTP 404 에러
,,,,,,,,,,,,,,,,,,,,,HTTP 404 에러
,,,,,,,,,,,,,,,,,,,,,HTTP 404 에러
,,,,,,,,,,,,,,,,,,,,,HTTP 404 에러
,,,,,,,,,,,,,,,,,,,,,HTTP 404 에러
,,,,,,,,,,,,,,,,,,,,,HTTP 404 에러
,,,,,,,,,,,,,,,,,,,,,HTTP 404 에러
,,,,,,,,,,,,,,,,,,,,,HTTP 404 에러
,,,,,,,,,,,,,,,,,,,,,HTTP 404 에러
,,,,,,,,,,,,,,,,,,,,,HTTP 404 에러
,,,,,,,,,,,,,,,,,,,,,HTTP 404 에러
,,,,,,,,,,,,,,,,,,,,,HTTP 404 에러
,,,,,,,,,,,,,,,,,,,,,HTTP 404 에러
,,,,,,,,,,,,,,,,,,,,,HTTP 404 에러
,,,,,,,,,,,,,,,,,,,,,HTTP 404 에러
,,,,,,,,,,,,,,,,,,,,,HTTP 404 에러
,,,,,,,,,,,,,,,,,,,,,HTTP 404 에러
,,,,,,,,,,,,,,,,,,,,,HTTP 404 에러
,,,,,,,,,,,,,,,,,,,,,HTTP 404 에러
,,,,,,,,,,,,,,,,,,,,,HTTP 404 에러
,,,,,,,,,,,,,,,,,,,,,HTTP 404 에러
,,,,,,,,,,,,,,,,,,,,,HTTP 404 에러
,,,,,,,,,,,,,,,,,,,,,HTTP 404 에러
,,,,,,,,,,,,,,,,,,,,,HTTP 404 에러
,,,,,,,,,,,,,,,,,,,,,HTTP 404 에러
,,,,,,,,,,,,,,,,,,,,,HTTP 404 에러
,,,,,,,,,,,,,,,,,,,,,HTTP 404 에러
,,,,,,,,,,,,,,,,,,,,,HTTP 404 에러
,,,,,,,,,,,,,,,,,,,,,HTTP 404 에러
,,,,,,,,,,,,,,,,,,,,,HTTP 404 에러
,,,,,,,,,,,,,,,,,,,,,HTTP 404 에러
,,,,,,,,,,,,,,,,,,,,,HTTP 404 에러
,,,,,,,,,,,,,,,,,,,,,HTTP 404 에러
,,,,,,,,,,,,,,,,,,,,,HTTP 404 에러
,,,,,,,,,,,,,,,,,,,,,HTTP 404 에러
,,,,,,,,,,,,,,,,,,,,,HTTP 404 에러
,,,,,,,,,,,,,,,,,,,,,HTTP 404 에러
,,,,,,,,,,,,,,,,,,,,,HTTP 404 에러
,,,,,,,,,,,,,,,,,,,,,HTTP 404 에러
,,,,,,,,,,,,,,,,,,,,,HTTP 404 에러
,,,,,,,,,,,,,,,,,,,,,HTTP 404 에러
,,,,,,,,,,,,,,,,,,,,,HTTP 404 에러
,,,,,,,,,,,,,,,,,,,,,HTTP 404 에러
,,,,,,,,,,,,,,,,,,,,,HTTP 404 에러
,,,,,,,,,,,,,,,,,,,,,HTTP 404 에러
,,,,,,,,,,,,,,,,,,,,,HTTP 404 에러
,,,,,,,,,,,,,,,,,,,,,HTTP 404 에러
,,,,,,,,,,,,,,,,,,,,,HTTP 404 에러
,,,,,,,,,,,,,,,,,,,,,HTTP 404 에러
,,,,,,,,,,,,,,,,,,,,,HTTP 404 에러
,,,,,,,,,,,,,,,,,,,,,HTTP 404 에러
,,,,,,,,,,,,,,,,,,,,,HTTP 404 에러
,,,,,,,,,,,,,,,,,,,,,HTTP 404 에러
,,,,,,,,,,,,,,,,,,,,,HTTP 404 에러
,,,,,,,,,,,,,,,,,,,,,HTTP 404 에러
,,,,,,,,,,,,,,,,,,,,,HTTP 404 에러
,,,,,,,,,,,,,,,,,,,,,HTTP 404 에러
,,,,,,,,,,,,,,,,,,,,,HTTP 404 에러
,,,,,,,,,,,,,,,,,,,,,HTTP 404 에러
,,,,,,,,,,,,,,,,,,,,,HTTP 404 에러
,,,,,,,,,,,,,,,,,,,,,HTTP 404 에러
,,,,,,,,,,,,,,,,,,,,,HTTP 404 에러
,,,,,,,,,,,,,,,,,,,,,HTTP 404 에러
,,,,,,,,,,,,,,,,,,,,,HTTP 404 에러
,,,,,,,,,,,,,,,,,,,,,HTTP 404 에러
,,,,,,,,,,,,,,,,,,,,,HTTP 404 에러
,,,,,,,,,,,,,,,,,,,,,HTTP 404 에러
,,,,,,,,,,,,,,,,,,,,,HTTP 404 에러
,,,,,,,,,,,,,,,,,,,,,HTTP 404 에러
,,,,,,,,,,,,,,,,,,,,,HTTP 404 에러
,,,,,,,,,,,,,,,,,,,,,HTTP 404 에러
,,,,,,,,,,,,,,,,,,,,,HTTP 404 에러
,,,,,,,,,,,,,,,,,,,,,HTTP 404 에러
,,,,,,,,,,,,,,,,,,,,,HTTP 404 에러
,,,,,,,,,,,,,,,,,,,,,HTTP 404 에러
,,,,,,,,,,,,,,,,,,,,,HTTP 404 에러
,,,,,,,,,,,,,,,,,,,,,HTTP 404 에러
,,,,,,,,,,,,,,,,,,,,,HTTP 404 에러
,,,,,,,,,,,,,,,,,,,,,HTTP 404 에러
,,,,,,,,,,,,,,,,,,,,,HTTP 404 에러
,,,,,,,,,,,,,,,,,,,,,HTTP 404 에러
,,,,,,,,,,,,,,,,,,,,,HTTP 404 에러
,,,,,,,,,,,,,,,,,,,,,HTTP 404 에러
,,,,,,,,,,,,,,,,,,,,,HTTP 404 에러
,,,,,,,,,,,,,,,,,,,,,HTTP 404 에러
,,,,,,,,,,,,,,,,,,,,,HTTP 404 에러
,,,,,,,,,,,,,,,,,,,,,HTTP 404 에러
,,,,,,,,,,,,,,,,,,,,,HTTP 404 에러
,,,,,,,,,,,,,,,,,,,,,HTTP 404 에러
,,,,,,,,,,,,,,,,,,,,,HTTP 404 에러
,,,,,,,,,,,,,,,,,,,,,HTTP 404 에러
,,,,,,,,,,,,,,,,,,,,,HTTP 404 에러
,,,,,,,,,,,,,,,,,,,,,HTTP 404 에러
,,,,,,,,,,,,,,,,,,,,,HTTP 404 에러
,,,,,,,,,,,,,,,,,,,,,HTTP 404 에러
,,,,,,,,,,,,,,,,,,,,,HTTP 404 에러
,,,,,,,,,,,,,,,,,,,,,HTTP 404 에러
,,,,,,,,,,,,,,,,,,,,,HTTP 404 에러
,,,,,,,,,,,,,,,,,,,,,HTTP 404 에러
,,,,,,,,,,,,,,,,,,,,,HTTP 404 에러
,,,,,,,,,,,,,,,,,,,,,HTTP 404 에러
,,,,,,,,,,,,,,,,,,,,,HTTP 404 에러
,,,,,,,,,,,,,,,,,,,,,HTTP 404 에러
,,,,,,,,,,,,,,,,,,,,,HTTP 404 에러
,,,,,,,,,,,,,,,,,,,,,HTTP 404 에러
,,,,,,,,,,,,,,,,,,,,,HTTP 404 에러
,,,,,,,,,,,,,,,,,,,,,HTTP 404 에러
,,,,,,,,,,,,,,,,,,,,,HTTP 404 에러
,,,,,,,,,,,,,,,,,,,,,HTTP 404 에러
,,,,,,,,,,,,,,,,,,,,,HTTP 404 에러
,,,,,,,,,,,,,,,,,,,,,HTTP 404 에러
,,,,,,,,,,,,,,,,,,,,,HTTP 404 에러
,,,,,,,,,,,,,,,,,,,,,HTTP 404 에러
,,,,,,,,,,,,,,,,,,,,,HTTP 404 에러
,,,,,,,,,,,,,,,,,,,,,HTTP 404 에러
,,,,,,,,,,,,,,,,,,,,,HTTP 404 에러
,,,,,,,,,,,,,,,,,,,,,HTTP 404 에러
,,,,,,,,,,,,,,,,,,,,,HTTP 404 에러
,,,,,,,,,,,,,,,,,,,,,HTTP 404 에러
,,,,,,,,,,,,,,,,,,,,,HTTP 404 에러
,,,,,,,,,,,,,,,,,,,,,HTTP 404 에러
,,,,,,,,,,,,,,,,,,,,,HTTP 404 에러
,,,,,,,,,,,,,,,,,,,,,HTTP 404 에러
,,,,,,,,,,,,,,,,,,,,,HTTP 404 에러
,,,,,,,,,,,,,,,,,,,,,HTTP 404 에러
,,,,,,,,,,,,,,,,,,,,,HTTP 404 에러
,,,,,,,,,,,,,,,,,,,,,HTTP 404 에러
,,,,,,,,,,,,,,,,,,,,,HTTP 404 에러
,,,,,,,,,,,,,,,,,,,,,HTTP 404 에러
,,,,,,,,,,,,,,,,,,,,,HTTP 404 에러
,,,,,,,,,,,,,,,,,,,,,HTTP 404 에러
,,,,,,,,,,,,,,,,,,,,,HTTP 404 에러
,,,,,,,,,,,,,,,,,,,,,HTTP 404 에러
,,,,,,,,,,,,,,,,,,,,,HTTP 404 에러
,,,,,,,,,,,,,,,,,,,,,HTTP 404 에러
,,,,,,,,,,,,,,,,,,,,,HTTP 404 에러
,,,,,,,,,,,,,,,,,,,,,HTTP 404 에러
,,,,,,,,,,,,,,,,,,,,,HTTP 404 에러
,,,,,,,,,,,,,,,,,,,,,HTTP 404 에러
,,,,,,,,,,,,,,,,,,,,,HTTP 404 에러
,,,,,,,,,,,,,,,,,,,,,HTTP 404 에러
,,,,,,,,,,,,,,,,,,,,,HTTP 404 에러
,,,,,,,,,,,,,,,,,,,,,HTTP 404 에러
,,,,,,,,,,,,,,,,,,,,,HTTP 404 에러
,,,,,,,,,,,,,,,,,,,,,HTTP 404 에러
,,,,,,,,,,,,,,,,,,,,,HTTP 404 에러
,,,,,,,,,,,,,,,,,,,,,HTTP 404 에러
,,,,,,,,,,,,,,,,,,,,,HTTP 404 에러
,,,,,,,,,,,,,,,,,,,,,HTTP 404 에러
,,,,,,,,,,,,,,,,,,,,,HTTP 404 에러
,,,,,,,,,,,,,,,,,,,,,HTTP 404 에러
,,,,,,,,,,,,,,,,,,,,,HTTP 404 에러
,,,,,,,,,,,,,,,,,,,,,HTTP 404 에러
,,,,,,,,,,,,,,,,,,,,,HTTP 404 에러
,,,,,,,,,,,,,,,,,,,,,HTTP 404 에러
,,,,,,,,,,,,,,,,,,,,,HTTP 404 에러
,,,,,,,,,,,,,,,,,,,,,HTTP 404 에러
,,,,,,,,,,,,,,,,,,,,,HTTP 404 에러
,,,,,,,,,,,,,,,,,,,,,HTTP 404 에러
,,,,,,,,,,,,,,,,,,,,,HTTP 404 에러
,,,,,,,,,,,,,,,,,,,,,HTTP 404 에러
,,,,,,,,,,,,,,,,,,,,,HTTP 404 에러
,,,,,,,,,,,,,,,,,,,,,HTTP 404 에러
,,,,,,,,,,,,,,,,,,,,,HTTP 404 에러
,,,,,,,,,,,,,,,,,,,,,HTTP 404 에러
,,,,,,,,,,,,,,,,,,,,,HTTP 404 에러
,,,,,,,,,,,,,,,,,,,,,HTTP 404 에러
,,,,,,,,,,,,,,,,,,,,,HTTP 404 에러
,,,,,,,,,,,,,,,,,,,,,HTTP 404 에러
,,,,,,,,,,,,,,,,,,,,,HTTP 404 에러
,,,,,,,,,,,,,,,,,,,,,HTTP 404 에러
,,,,,,,,,,,,,,,,,,,,,HTTP 404 에러
,,,,,,,,,,,,,,,,,,,,,HTTP 404 에러
,,,,,,,,,,,,,,,,,,,,,HTTP 404 에러
,,,,,,,,,,,,,,,,,,,,,HTTP 404 에러
,,,,,,,,,,,,,,,,,,,,,HTTP 404 에러
,,,,,,,,,,,,,,,,,,,,,HTTP 404 에러
,,,,,,,,,,,,,,,,,,,,,HTTP 404 에러
,,,,,,,,,,,,,,,,,,,,,HTTP 404 에러
,,,,,,,,,,,,,,,,,,,,,HTTP 404 에러
,,,,,,,,,,,,,,,,,,,,,HTTP 404 에러
,,,,,,,,,,,,,,,,,,,,,HTTP 404 에러
,,,,,,,,,,,,,,,,,,,,,HTTP 404 에러
,,,,,,,,,,,,,,,,,,,,,HTTP 404 에러
,,,,,,,,,,,,,,,,,,,,,HTTP 404 에러
,,,,,,,,,,,,,,,,,,,,,HTTP 404 에러
,,,,,,,,,,,,,,,,,,,,,HTTP 404 에러
,,,,,,,,,,,,,,,,,,,,,HTTP 404 에러
,,,,,,,,,,,,,,,,,,,,,HTTP 404 에러
,,,,,,,,,,,,,,,,,,,,,HTTP 404 에러
,,,,,,,,,,,,,,,,,,,,,HTTP 404 에러
,,,,,,,,,,,,,,,,,,,,,HTTP 404 에러
,,,,,,,,,,,,,,,,,,,,,HTTP 404 에러
,,,,,,,,,,,,,,,,,,,,,HTTP 404 에러
,,,,,,,,,,,,,,,,,,,,,HTTP 404 에러
,,,,,,,,,,,,,,,,,,,,,HTTP 404 에러
,,,,,,,,,,,,,,,,,,,,,HTTP 404 에러
,,,,,,,,,,,,,,,,,,,,,HTTP 404 에러
,,,,,,,,,,,,,,,,,,,,,HTTP 404 에러
,,,,,,,,,,,,,,,,,,,,,HTTP 404 에러
,,,,,,,,,,,,,,,,,,,,,HTTP 404 에러
,,,,,,,,,,,,,,,,,,,,,HTTP 404 에러
,,,,,,,,,,,,,,,,,,,,,HTTP 404 에러
,,,,,,,,,,,,,,,,,,,,,HTTP 404 에러
,,,,,,,,,,,,,,,,,,,,,HTTP 404 에러
,,,,,,,,,,,,,,,,,,,,,HTTP 404 에러
,,,,,,,,,,,,,,,,,,,,,HTTP 404 에러
,,,,,,,,,,,,,,,,,,,,,HTTP 404 에러
,,,,,,,,,,,,,,,,,,,,,HTTP 404 에러
,,,,,,,,,,,,,,,,,,,,,HTTP 404 에러
,,,,,,,,,,,,,,,,,,,,,HTTP 404 에러
,,,,,,,,,,,,,,,,,,,,,HTTP 404 에러
,,,,,,,,,,,,,,,,,,,,,HTTP 404 에러
,,,,,,,,,,,,,,,,,,,,,HTTP 404 에러
,,,,,,,,,,,,,,,,,,,,,HTTP 404 에러
,,,,,,,,,,,,,,,,,,,,,HTTP 404 에러
,,,,,,,,,,,,,,,,,,,,,HTTP 404 에러
,,,,,,,,,,,,,,,,,,,,,HTTP 404 에러
,,,,,,,,,,,,,,,,,,,,,HTTP 404 에러
,,,,,,,,,,,,,,,,,,,,,HTTP 404 에러
,,,,,,,,,,,,,,,,,,,,,HTTP 404 에러
,,,,,,,,,,,,,,,,,,,,,HTTP 404 에러
,,,,,,,,,,,,,,,,,,,,,HTTP 404 에러
,,,,,,,,,,,,,,,,,,,,,HTTP 404 에러
,,,,,,,,,,,,,,,,,,,,,HTTP 404 에러
,,,,,,,,,,,,,,,,,,,,,HTTP 404 에러
,,,,,,,,,,,,,,,,,,,,,HTTP 404 에러
,,,,,,,,,,,,,,,,,,,,,HTTP 404 에러
,,,,,,,,,,,,,,,,,,,,,HTTP 404 에러
,,,,,,,,,,,,,,,,,,,,,HTTP 404 에러
,,,,,,,,,,,,,,,,,,,,,HTTP 404 에러
,,,,,,,,,,,,,,,,,,,,,HTTP 404 에러
,,,,,,,,,,,,,,,,,,,,,HTTP 404 에러
,,,,,,,,,,,,,,,,,,,,,HTTP 404 에러
,,,,,,,,,,,,,,,,,,,,,HTTP 404 에러
,,,,,,,,,,,,,,,,,,,,,HTTP 404 에러
,,,,,,,,,,,,,,,,,,,,,HTTP 404 에러
,,,,,,,,,,,,,,,,,,,,,HTTP 404 에러
,,,,,,,,,,,,,,,,,,,,,HTTP 404 에러
,,,,,,,,,,,,,,,,,,,,,HTTP 404 에러
,,,,,,,,,,,,,,,,,,,,,HTTP 404 에러
,,,,,,,,,,,,,,,,,,,,,HTTP 404 에러
,,,,,,,,,,,,,,,,,,,,,HTTP 404 에러
,,,,,,,,,,,,,,,,,,,,,HTTP 404 에러
,,,,,,,,,,,,,,,,,,,,,HTTP 404 에러
,,,,,,,,,,,,,,,,,,,,,HTTP 404 에러
,,,,,,,,,,,,,,,,,,,,,HTTP 404 에러
,,,,,,,,,,,,,,,,,,,,,HTTP 404 에러
,,,,,,,,,,,,,,,,,,,,,HTTP 404 에러
,,,,,,,,,,,,,,,,,,,,,HTTP 404 에러
,,,,,,,,,,,,,,,,,,,,,HTTP 404 에러
,,,,,,,,,,,,,,,,,,,,,HTTP 404 에러
,,,,,,,,,,,,,,,,,,,,,HTTP 404 에러
,,,,,,,,,,,,,,,,,,,,,HTTP 404 에러
,,,,,,,,,,,,,,,,,,,,,HTTP 404 에러
,,,,,,,,,,,,,,,,,,,,,HTTP 404 에러
,,,,,,,,,,,,,,,,,,,,,HTTP 404 에러
,,,,,,,,,,,,,,,,,,,,,HTTP 404 에러
,,,,,,,,,,,,,,,,,,,,,HTTP 404 에러
,,,,,,,,,,,,,,,,,,,,,HTTP 404 에러
,,,,,,,,,,,,,,,,,,,,,HTTP 404 에러
,,,,,,,,,,,,,,,,,,,,,HTTP 404 에러
,,,,,,,,,,,,,,,,,,,,,HTTP 404 에러
,,,,,,,,,,,,,,,,,,,,,HTTP 404 에러
,,,,,,,,,,,,,,,,,,,,,HTTP 404 에러
,,,,,,,,,,,,,,,,,,,,,HTTP 404 에러
,,,,,,,,,,,,,,,,,,,,,HTTP 404 에러
,,,,,,,,,,,,,,,,,,,,,HTTP 404 에러
,,,,,,,,,,,,,,,,,,,,,HTTP 404 에러
,,,,,,,,,,,,,,,,,,,,,HTTP 404 에러
,,,,,,,,,,,,,,,,,,,,,HTTP 404 에러
,,,,,,,,,,,,,,,,,,,,,HTTP 404 에러
,,,,,,,,,,,,,,,,,,,,,HTTP 404 에러
,,,,,,,,,,,,,,,,,,,,,HTTP 404 에러
,,,,,,,,,,,,,,,,,,,,,HTTP 404 에러
,,,,,,,,,,,,,,,,,,,,,HTTP 404 에러
,,,,,,,,,,,,,,,,,,,,,HTTP 404 에러
,,,,,,,,,,,,,,,,,,,,,HTTP 404 에러
,,,,,,,,,,,,,,,,,,,,,HTTP 404 에러
,,,,,,,,,,,,,,,,,,,,,HTTP 404 에러
,,,,,,,,,,,,,,,,,,,,,HTTP 404 에러
,,,,,,,,,,,,,,,,,,,,,HTTP 404 에러
,,,,,,,,,,,,,,,,,,,,,HTTP 404 에러
,,,,,,,,,,,,,,,,,,,,,HTTP 404 에러
,,,,,,,,,,,,,,,,,,,,,HTTP 404 에러
,,,,,,,,,,,,,,,,,,,,,HTTP 404 에러
,,,,,,,,,,,,,,,,,,,,,HTTP 404 에러
,,,,,,,,,,,,,,,,,,,,,HTTP 404 에러
,,,,,,,,,,,,,,,,,,,,,HTTP 404 에러
,,,,,,,,,,,,,,,,,,,,,HTTP 404 에러
,,,,,,,,,,,,,,,,,,,,,HTTP 404 에러
,,,,,,,,,,,,,,,,,,,,,HTTP 404 에러
,,,,,,,,,,,,,,,,,,,,,HTTP 404 에러
,,,,,,,,,,,,,,,,,,,,,HTTP 404 에러
,,,,,,,,,,,,,,,,,,,,,HTTP 404 에러
,,,,,,,,,,,,,,,,,,,,,HTTP 404 에러
,,,,,,,,,,,,,,,,,,,,,HTTP 404 에러
,,,,,,,,,,,,,,,,,,,,,HTTP 404 에러
,,,,,,,,,,,,,,,,,,,,,HTTP 404 에러
,,,,,,,,,,,,,,,,,,,,,HTTP 404 에러
,,,,,,,,,,,,,,,,,,,,,HTTP 404 에러
,,,,,,,,,,,,,,,,,,,,,HTTP 404 에러
,,,,,,,,,,,,,,,,,,,,,HTTP 404 에러
,,,,,,,,,,,,,,,,,,,,,HTTP 404 에러
,,,,,,,,,,,,,,,,,,,,,HTTP 404 에러
,,,,,,,,,,,,,,,,,,,,,HTTP 404 에러
,,,,,,,,,,,,,,,,,,,,,HTTP 404 에러
,,,,,,,,,,,,,,,,,,,,,HTTP 404 에러
,,,,,,,,,,,,,,,,,,,,,HTTP 404 에러
,,,,,,,,,,,,,,,,,,,,,HTTP 404 에러
,,,,,,,,,,,,,,,,,,,,,HTTP 404 에러
,,,,,,,,,,,,,,,,,,,,,HTTP 404 에러
,,,,,,,,,,,,,,,,,,,,,HTTP 404 에러
,,,,,,,,,,,,,,,,,,,,,HTTP 404 에러
,,,,,,,,,,,,,,,,,,,,,HTTP 404 에러
,,,,,,,,,,,,,,,,,,,,,HTTP 404 에러
,,,,,,,,,,,,,,,,,,,,,HTTP 404 에러
,,,,,,,,,,,,,,,,,,,,,HTTP 404 에러
,,,,,,,,,,,,,,,,,,,,,HTTP 404 에러
,,,,,,,,,,,,,,,,,,,,,HTTP 404 에러
,,,,,,,,,,,,,,,,,,,,,HTTP 404 에러
,,,,,,,,,,,,,,,,,,,,,HTTP 404 에러
,,,,,,,,,,,,,,,,,,,,,HTTP 404 에러
,,,,,,,,,,,,,,,,,,,,,HTTP 404 에러
,,,,,,,,,,,,,,,,,,,,,HTTP 404 에러
,,,,,,,,,,,,,,,,,,,,,HTTP 404 에러
,,,,,,,,,,,,,,,,,,,,,HTTP 404 에러
,,,,,,,,,,,,,,,,,,,,,HTTP 404 에러
,,,,,,,,,,,,,,,,,,,,,HTTP 404 에러
,,,,,,,,,,,,,,,,,,,,,HTTP 404 에러
,,,,,,,,,,,,,,,,,,,,,HTTP 404 에러
,,,,,,,,,,,,,,,,,,,,,HTTP 404 에러
,,,,,,,,,,,,,,,,,,,,,HTTP 404 에러
,,,,,,,,,,,,,,,,,,,,,HTTP 404 에러
,,,,,,,,,,,,,,,,,,,,,HTTP 404 에러
,,,,,,,,,,,,,,,,,,,,,HTTP 404 에러
,,,,,,,,,,,,,,,,,,,,,HTTP 404 에러
,,,,,,,,,,,,,,,,,,,,,HTTP 404 에러
,,,,,,,,,,,,,,,,,,,,,HTTP 404 에러
,,,,,,,,,,,,,,,,,,,,,HTTP 404 에러
,,,,,,,,,,,,,,,,,,,,,HTTP 404 에러
,,,,,,,,,,,,,,,,,,,,,HTTP 404 에러
,,,,,,,,,,,,,,,,,,,,,HTTP 404 에러
,,,,,,,,,,,,,,,,,,,,,HTTP 404 에러
,,,,,,,,,,,,,,,,,,,,,HTTP 404 에러
,,,,,,,,,,,,,,,,,,,,,HTTP 404 에러
,,,,,,,,,,,,,,,,,,,,,HTTP 404 에러
,,,,,,,,,,,,,,,,,,,,,HTTP 404 에러
,,,,,,,,,,,,,,,,,,,,,HTTP 404 에러
,,,,,,,,,,,,,,,,,,,,,HTTP 404 에러
,,,,,,,,,,,,,,,,,,,,,HTTP 404 에러
,,,,,,,,,,,,,,,,,,,,,HTTP 404 에러
,,,,,,,,,,,,,,,,,,,,,HTTP 404 에러
,,,,,,,,,,,,,,,,,,,,,HTTP 404 에러
,,,,,,,,,,,,,,,,,,,,,HTTP 404 에러
,,,,,,,,,,,,,,,,,,,,,HTTP 404 에러
,,,,,,,,,,,,,,,,,,,,,HTTP 404 에러
,,,,,,,,,,,,,,,,,,,,,HTTP 404 에러
,,,,,,,,,,,,,,,,,,,,,HTTP 404 에러
,,,,,,,,,,,,,,,,,,,,,HTTP 404 에러
,,,,,,,,,,,,,,,,,,,,,HTTP 404 에러
,,,,,,,,,,,,,,,,,,,,,HTTP 404 에러
,,,,,,,,,,,,,,,,,,,,,HTTP 404 에러
,,,,,,,,,,,,,,,,,,,,,HTTP 404 에러
,,,,,,,,,,,,,,,,,,,,,HTTP 404 에러
,,,,,,,,,,,,,,,,,,,,,HTTP 404 에러
,,,,,,,,,,,,,,,,,,,,,HTTP 404 에러
,,,,,,,,,,,,,,,,,,,,,HTTP 404 에러
,,,,,,,,,,,,,,,,,,,,,HTTP 404 에러
,,,,,,,,,,,,,,,,,,,,,HTTP 404 에러
,,,,,,,,,,,,,,,,,,,,,HTTP 404 에러
,,,,,,,,,,,,,,,,,,,,,HTTP 404 에러
,,,,,,,,,,,,,,,,,,,,,HTTP 404 에러
,,,,,,,,,,,,,,,,,,,,,HTTP 404 에러
,,,,,,,,,,,,,,,,,,,,,HTTP 404 에러
,,,,,,,,,,,,,,,,,,,,,HTTP 404 에러
,,,,,,,,,,,,,,,,,,,,,HTTP 404 에러
,,,,,,,,,,,,,,,,,,,,,HTTP 404 에러
,,,,,,,,,,,,,,,,,,,,,HTTP 404 에러
,,,,,,,,,,,,,,,,,,,,,HTTP 404 에러
,,,,,,,,,,,,,,,,,,,,,HTTP 404 에러
,,,,,,,,,,,,,,,,,,,,,HTTP 404 에러
,,,,,,,,,,,,,,,,,,,,,HTTP 404 에러
,,,,,,,,,,,,,,,,,,,,,HTTP 404 에러
,,,,,,,,,,,,,,,,,,,,,HTTP 404 에러
,,,,,,,,,,,,,,,,,,,,,HTTP 404 에러
,,,,,,,,,,,,,,,,,,,,,HTTP 404 에러
,,,,,,,,,,,,,,,,,,,,,HTTP 404 에러
,,,,,,,,,,,,,,,,,,,,,HTTP 404 에러
,,,,,,,,,,,,,,,,,,,,,HTTP 404 에러
,,,,,,,,,,,,,,,,,,,,,HTTP 404 에러
,,,,,,,,,,,,,,,,,,,,,HTTP 404 에러
,,,,,,,,,,,,,,,,,,,,,HTTP 404 에러
,,,,,,,,,,,,,,,,,,,,,HTTP 404 에러
,,,,,,,,,,,,,,,,,,,,,HTTP 404 에러
,,,,,,,,,,,,,,,,,,,,,HTTP 404 에러
,,,,,,,,,,,,,,,,,,,,,HTTP 404 에러
,,,,,,,,,,,,,,,,,,,,,HTTP 404 에러
,,,,,,,,,,,,,,,,,,,,,HTTP 404 에러
,,,,,,,,,,,,,,,,,,,,,HTTP 404 에러
,,,,,,,,,,,,,,,,,,,,,HTTP 404 에러
,,,,,,,,,,,,,,,,,,,,,HTTP 404 에러
,,,,,,,,,,,,,,,,,,,,,HTTP 404 에러
,,,,,,,,,,,,,,,,,,,,,HTTP 404 에러
,,,,,,,,,,,,,,,,,,,,,HTTP 404 에러
,,,,,,,,,,,,,,,,,,,,,HTTP 404 에러
,,,,,,,,,,,,,,,,,,,,,HTTP 404 에러
,,,,,,,,,,,,,,,,,,,,,HTTP 404 에러
,,,,,,,,,,,,,,,,,,,,,HTTP 404 에러
,,,,,,,,,,,,,,,,,,,,,HTTP 404 에러
,,,,,,,,,,,,,,,,,,,,,HTTP 404 에러
,,,,,,,,,,,,,,,,,,,,,HTTP 404 에러
,,,,,,,,,,,,,,,,,,,,,HTTP 404 에러
,,,,,,,,,,,,,,,,,,,,,HTTP 404 에러
,,,,,,,,,,,,,,,,,,,,,HTTP 404 에러
,,,,,,,,,,,,,,,,,,,,,HTTP 404 에러
,,,,,,,,,,,,,,,,,,,,,HTTP 404 에러
,,,,,,,,,,,,,,,,,,,,,HTTP 404 에러
,,,,,,,,,,,,,,,,,,,,,HTTP 404 에러
,,,,,,,,,,,,,,,,,,,,,HTTP 404 에러
,,,,,,,,,,,,,,,,,,,,,HTTP 404 에러
,,,,,,,,,,,,,,,,,,,,,HTTP 404 에러
,,,,,,,,,,,,,,,,,,,,,HTTP 404 에러
,,,,,,,,,,,,,,,,,,,,,HTTP 404 에러
,,,,,,,,,,,,,,,,,,,,,HTTP 404 에러
,,,,,,,,,,,,,,,,,,,,,HTTP 404 에러
,,,,,,,,,,,,,,,,,,,,,HTTP 404 에러
,,,,,,,,,,,,,,,,,,,,,HTTP 404 에러
,,,,,,,,,,,,,,,,,,,,,HTTP 404 에러
,,,,,,,,,,,,,,,,,,,,,HTTP 404 에러
,,,,,,,,,,,,,,,,,,,,,HTTP 404 에러
,,,,,,,,,,,,,,,,,,,,,HTTP 404 에러
,,,,,,,,,,,,,,,,,,,,,HTTP 404 에러
,,,,,,,,,,,,,,,,,,,,,HTTP 404 에러
,,,,,,,,,,,,,,,,,,,,,HTTP 404 에러
,,,,,,,,,,,,,,,,,,,,,HTTP 404 에러
,,,,,,,,,,,,,,,,,,,,,HTTP 404 에러
,,,,,,,,,,,,,,,,,,,,,HTTP 404 에러
,,,,,,,,,,,,,,,,,,,,,HTTP 404 에러
,,,,,,,,,,,,,,,,,,,,,HTTP 404 에러
,,,,,,,,,,,,,,,,,,,,,HTTP 404 에러
,,,,,,,,,,,,,,,,,,,,,HTTP 404 에러
,,,,,,,,,,,,,,,,,,,,,HTTP 404 에러
,,,,,,,,,,,,,,,,,,,,,HTTP 404 에러
,,,,,,,,,,,,,,,,,,,,,HTTP 404 에러
,,,,,,,,,,,,,,,,,,,,,HTTP 404 에러
,,,,,,,,,,,,,,,,,,,,,HTTP 404 에러
,,,,,,,,,,,,,,,,,,,,,HTTP 404 에러
,,,,,,,,,,,,,,,,,,,,,HTTP 404 에러
,,,,,,,,,,,,,,,,,,,,,HTTP 404 에러
,,,,,,,,,,,,,,,,,,,,,HTTP 404 에러
,,,,,,,,,,,,,,,,,,,,,HTTP 404 에러
,,,,,,,,,,,,,,,,,,,,,HTTP 404 에러
,,,,,,,,,,,,,,,,,,,,,HTTP 404 에러
,,,,,,,,,,,,,,,,,,,,,HTTP 404 에러
,,,,,,,,,,,,,,,,,,,,,HTTP 404 에러
,,,,,,,,,,,,,,,,,,,,,HTTP 404 에러
,,,,,,,,,,,,,,,,,,,,,HTTP 404 에러
,,,,,,,,,,,,,,,,,,,,,HTTP 404 에러
,,,,,,,,,,,,,,,,,,,,,HTTP 404 에러
,,,,,,,,,,,,,,,,,,,,,HTTP 404 에러
,,,,,,,,,,,,,,,,,,,,,HTTP 404 에러
,,,,,,,,,,,,,,,,,,,,,HTTP 404 에러
,,,,,,,,,,,,,,,,,,,,,HTTP 404 에러
,,,,,,,,,,,,,,,,,,,,,HTTP 404 에러
,,,,,,,,,,,,,,,,,,,,,HTTP 404 에러
,,,,,,,,,,,,,,,,,,,,,HTTP 404 에러
,,,,,,,,,,,,,,,,,,,,,HTTP 404 에러
,,,,,,,,,,,,,,,,,,,,,HTTP 404 에러
,,,,,,,,,,,,,,,,,,,,,HTTP 404 에러
,,,,,,,,,,,,,,,,,,,,,HTTP 404 에러
,,,,,,,,,,,,,,,,,,,,,HTTP 404 에러
,,,,,,,,,,,,,,,,,,,,,HTTP 404 에러
,,,,,,,,,,,,,,,,,,,,,HTTP 404 에러
,,,,,,,,,,,,,,,,,,,,,HTTP 404 에러
,,,,,,,,,,,,,,,,,,,,,HTTP 404 에러
,,,,,,,,,,,,,,,,,,,,,HTTP 404 에러
,,,,,,,,,,,,,,,,,,,,,HTTP 404 에러
,,,,,,,,,,,,,,,,,,,,,HTTP 404 에러
,,,,,,,,,,,,,,,,,,,,,HTTP 404 에러
,,,,,,,,,,,,,,,,,,,,,HTTP 404 에러
,,,,,,,,,,,,,,,,,,,,,HTTP 404 에러
,,,,,,,,,,,,,,,,,,,,,HTTP 404 에러
,,,,,,,,,,,,,,,,,,,,,HTTP 404 에러
,,,,,,,,,,,,,,,,,,,,,HTTP 404 에러
,,,,,,,,,,,,,,,,,,,,,HTTP 404 에러
,,,,,,,,,,,,,,,,,,,,,HTTP 404 에러
,,,,,,,,,,,,,,,,,,,,,HTTP 404 에러
,,,,,,,,,,,,,,,,,,,,,HTTP 404 에러
,,,,,,,,,,,,,,,,,,,,,HTTP 404 에러
,,,,,,,,,,,,,,,,,,,,,HTTP 404 에러
,,,,,,,,,,,,,,,,,,,,,HTTP 404 에러
,,,,,,,,,,,,,,,,,,,,,HTTP 404 에러
,,,,,,,,,,,,,,,,,,,,,HTTP 404 에러
,,,,,,,,,,,,,,,,,,,,,HTTP 404 에러
,,,,,,,,,,,,,,,,,,,,,HTTP 404 에러
,,,,,,,,,,,,,,,,,,,,,HTTP 404 에러
,,,,,,,,,,,,,,,,,,,,,HTTP 404 에러
,,,,,,,,,,,,,,,,,,,,,HTTP 404 에러
,,,,,,,,,,,,,,,,,,,,,HTTP 404 에러
,,,,,,,,,,,,,,,,,,,,,HTTP 404 에러
,,,,,,,,,,,,,,,,,,,,,HTTP 404 에러
,,,,,,,,,,,,,,,,,,,,,HTTP 404 에러
,,,,,,,,,,,,,,,,,,,,,HTTP 404 에러
,,,,,,,,,,,,,,,,,,,,,HTTP 404 에러
,,,,,,,,,,,,,,,,,,,,,HTTP 404 에러
,,,,,,,,,,,,,,,,,,,,,HTTP 404 에러
,,,,,,,,,,,,,,,,,,,,,HTTP 404 에러
,,,,,,,,,,,,,,,,,,,,,HTTP 404 에러
,,,,,,,,,,,,,,,,,,,,,HTTP 404 에러
,,,,,,,,,,,,,,,,,,,,,HTTP 404 에러
,,,,,,,,,,,,,,,,,,,,,HTTP 404 에러
,,,,,,,,,,,,,,,,,,,,,HTTP 404 에러
,,,,,,,,,,,,,,,,,,,,,HTTP 404 에러
,,,,,,,,,,,,,,,,,,,,,HTTP 404 에러
,,,,,,,,,,,,,,,,,,,,,HTTP 404 에러
,,,,,,,,,,,,,,,,,,,,,HTTP 404 에러
,,,,,,,,,,,,,,,,,,,,,HTTP 404 에러
,,,,,,,,,,,,,,,,,,,,,HTTP 404 에러
,,,,,,,,,,,,,,,,,,,,,HTTP 404 에러
,,,,,,,,,,,,,,,,,,,,,HTTP 404 에러
,,,,,,,,,,,,,,,,,,,,,HTTP 404 에러
,,,,,,,,,,,,,,,,,,,,,HTTP 404 에러
,,,,,,,,,,,,,,,,,,,,,HTTP 404 에러
,,,,,,,,,,,,,,,,,,,,,HTTP 404 에러
,,,,,,,,,,,,,,,,,,,,,HTTP 404 에러
,,,,,,,,,,,,,,,,,,,,,HTTP 404 에러
,,,,,,,,,,,,,,,,,,,,,HTTP 404 에러
,,,,,,,,,,,,,,,,,,,,,HTTP 404 에러
,,,,,,,,,,,,,,,,,,,,,HTTP 404 에러
,,,,,,,,,,,,,,,,,,,,,HTTP 404 에러
,,,,,,,,,,,,,,,,,,,,,HTTP 404 에러
,,,,,,,,,,,,,,,,,,,,,HTTP 404 에러
,,,,,,,,,,,,,,,,,,,,,HTTP 404 에러
,,,,,,,,,,,,,,,,,,,,,HTTP 404 에러
,,,,,,,,,,,,,,,,,,,,,HTTP 404 에러
,,,,,,,,,,,,,,,,,,,,,HTTP 404 에러
,,,,,,,,,,,,,,,,,,,,,HTTP 404 에러
,,,,,,,,,,,,,,,,,,,,,HTTP 404 에러
,,,,,,,,,,,,,,,,,,,,,HTTP 404 에러
,,,,,,,,,,,,,,,,,,,,,HTTP 404 에러
,,,,,,,,,,,,,,,,,,,,,HTTP 404 에러
,,,,,,,,,,,,,,,,,,,,,HTTP 404 에러
,,,,,,,,,,,,,,,,,,,,,HTTP 404 에러
,,,,,,,,,,,,,,,,,,,,,HTTP 404 에러
,,,,,,,,,,,,,,,,,,,,,HTTP 404 에러
,,,,,,,,,,,,,,,,,,,,,HTTP 404 에러
,,,,,,,,,,,,,,,,,,,,,HTTP 404 에러
,,,,,,,,,,,,,,,,,,,,,HTTP 404 에러
,,,,,,,,,,,,,,,,,,,,,HTTP 404 에러
,,,,,,,,,,,,,,,,,,,,,HTTP 404 에러
,,,,,,,,,,,,,,,,,,,,,HTTP 404 에러
,,,,,,,,,,,,,,,,,,,,,HTTP 404 에러
,,,,,,,,,,,,,,,,,,,,,HTTP 404 에러
,,,,,,,,,,,,,,,,,,,,,HTTP 404 에러
,,,,,,,,,,,,,,,,,,,,,HTTP 404 에러
,,,,,,,,,,,,,,,,,,,,,HTTP 404 에러
,,,,,,,,,,,,,,,,,,,,,HTTP 404 에러
,,,,,,,,,,,,,,,,,,,,,HTTP 404 에러
,,,,,,,,,,,,,,,,,,,,,HTTP 404 에러
,,,,,,,,,,,,,,,,,,,,,HTTP 404 에러
,,,,,,,,,,,,,,,,,,,,,HTTP 404 에러
,,,,,,,,,,,,,,,,,,,,,HTTP 404 에러
,,,,,,,,,,,,,,,,,,,,,HTTP 404 에러
,,,,,,,,,,,,,,,,,,,,,HTTP 404 에러
,,,,,,,,,,,,,,,,,,,,,HTTP 404 에러
,,,,,,,,,,,,,,,,,,,,,HTTP 404 에러
,,,,,,,,,,,,,,,,,,,,,HTTP 404 에러
,,,,,,,,,,,,,,,,,,,,,HTTP 404 에러
,,,,,,,,,,,,,,,,,,,,,HTTP 404 에러
,,,,,,,,,,,,,,,,,,,,,HTTP 404 에러
,,,,,,,,,,,,,,,,,,,,,HTTP 404 에러
,,,,,,,,,,,,,,,,,,,,,HTTP 404 에러
,,,,,,,,,,,,,,,,,,,,,HTTP 404 에러
,,,,,,,,,,,,,,,,,,,,,HTTP 404 에러
,,,,,,,,,,,,,,,,,,,,,HTTP 404 에러
,,,,,,,,,,,,,,,,,,,,,HTTP 404 에러
,,,,,,,,,,,,,,,,,,,,,HTTP 404 에러
,,,,,,,,,,,,,,,,,,,,,HTTP 404 에러
,,,,,,,,,,,,,,,,,,,,,HTTP 404 에러
,,,,,,,,,,,,,,,,,,,,,HTTP 404 에러
,,,,,,,,,,,,,,,,,,,,,HTTP 404 에러
,,,,,,,,,,,,,,,,,,,,,HTTP 404 에러
,,,,,,,,,,,,,,,,,,,,,HTTP 404 에러
,,,,,,,,,,,,,,,,,,,,,HTTP 404 에러
,,,,,,,,,,,,,,,,,,,,,HTTP 404 에러
,,,,,,,,,,,,,,,,,,,,,HTTP 404 에러
,,,,,,,,,,,,,,,,,,,,,HTTP 404 에러
,,,,,,,,,,,,,,,,,,,,,HTTP 404 에러
,,,,,,,,,,,,,,,,,,,,,HTTP 404 에러
,,,,,,,,,,,,,,,,,,,,,HTTP 404 에러
,,,,,,,,,,,,,,,,,,,,,HTTP 404 에러
,,,,,,,,,,,,,,,,,,,,,HTTP 404 에러
,,,,,,,,,,,,,,,,,,,,,HTTP 404 에러
,,,,,,,,,,,,,,,,,,,,,HTTP 404 에러
,,,,,,,,,,,,,,,,,,,,,HTTP 404 에러
,,,,,,,,,,,,,,,,,,,,,HTTP 404 에러
,,,,,,,,,,,,,,,,,,,,,HTTP 404 에러
,,,,,,,,,,,,,,,,,,,,,HTTP 404 에러
,,,,,,,,,,,,,,,,,,,,,HTTP 404 에러
,,,,,,,,,,,,,,,,,,,,,HTTP 404 에러
,,,,,,,,,,,,,,,,,,,,,HTTP 404 에러
,,,,,,,,,,,,,,,,,,,,,HTTP 404 에러
,,,,,,,,,,,,,,,,,,,,,HTTP 404 에러
,,,,,,,,,,,,,,,,,,,,,HTTP 404 에러
,,,,,,,,,,,,,,,,,,,,,HTTP 404 에러
,,,,,,,,,,,,,,,,,,,,,HTTP 404 에러
,,,,,,,,,,,,,,,,,,,,,HTTP 404 에러
,,,,,,,,,,,,,,,,,,,,,HTTP 404 에러
,,,,,,,,,,,,,,,,,,,,,HTTP 404 에러
,,,,,,,,,,,,,,,,,,,,,HTTP 404 에러
,,,,,,,,,,,,,,,,,,,,,HTTP 404 에러
,,,,,,,,,,,,,,,,,,,,,HTTP 404 에러
,,,,,,,,,,,,,,,,,,,,,HTTP 404 에러
,,,,,,,,,,,,,,,,,,,,,HTTP 404 에러
,,,,,,,,,,,,,,,,,,,,,HTTP 404 에러
,,,,,,,,,,,,,,,,,,,,,HTTP 404 에러
,,,,,,,,,,,,,,,,,,,,,HTTP 404 에러
,,,,,,,,,,,,,,,,,,,,,HTTP 404 에러
,,,,,,,,,,,,,,,,,,,,,HTTP 404 에러
,,,,,,,,,,,,,,,,,,,,,HTTP 404 에러
,,,,,,,,,,,,,,,,,,,,,HTTP 404 에러
,,,,,,,,,,,,,,,,,,,,,HTTP 404 에러
,,,,,,,,,,,,,,,,,,,,,HTTP 404 에러
,,,,,,,,,,,,,,,,,,,,,HTTP 404 에러
,,,,,,,,,,,,,,,,,,,,,HTTP 404 에러
,,,,,,,,,,,,,,,,,,,,,HTTP 404 에러
,,,,,,,,,,,,,,,,,,,,,HTTP 404 에러
,,,,,,,,,,,,,,,,,,,,,HTTP 404 에러
,,,,,,,,,,,,,,,,,,,,,HTTP 404 에러
,,,,,,,,,,,,,,,,,,,,,HTTP 404 에러
,,,,,,,,,,,,,,,,,,,,,HTTP 404 에러
,,,,,,,,,,,,,,,,,,,,,HTTP 404 에러
,,,,,,,,,,,,,,,,,,,,,HTTP 404 에러
,,,,,,,,,,,,,,,,,,,,,HTTP 404 에러
,,,,,,,,,,,,,,,,,,,,,HTTP 404 에러
,,,,,,,,,,,,,,,,,,,,,HTTP 404 에러
,,,,,,,,,,,,,,,,,,,,,HTTP 404 에러
,,,,,,,,,,,,,,,,,,,,,HTTP 404 에러
,,,,,,,,,,,,,,,,,,,,,HTTP 404 에러
,,,,,,,,,,,,,,,,,,,,,HTTP 404 에러
,,,,,,,,,,,,,,,,,,,,,HTTP 404 에러
,,,,,,,,,,,,,,,,,,,,,HTTP 404 에러
,,,,,,,,,,,,,,,,,,,,,HTTP 404 에러
,,,,,,,,,,,,,,,,,,,,,HTTP 404 에러
,,,,,,,,,,,,,,,,,,,,,HTTP 404 에러
,,,,,,,,,,,,,,,,,,,,,HTTP 404 에러
,,,,,,,,,,,,,,,,,,,,,HTTP 404 에러
,,,,,,,,,,,,,,,,,,,,,HTTP 404 에러
,,,,,,,,,,,,,,,,,,,,,HTTP 404 에러
,,,,,,,,,,,,,,,,,,,,,HTTP 404 에러
,,,,,,,,,,,,,,,,,,,,,HTTP 404 에러
,,,,,,,,,,,,,,,,,,,,,HTTP 404 에러
,,,,,,,,,,,,,,,,,,,,,HTTP 404 에러
,,,,,,,,,,,,,,,,,,,,,HTTP 404 에러
,,,,,,,,,,,,,,,,,,,,,HTTP 404 에러
,,,,,,,,,,,,,,,,,,,,,HTTP 404 에러
,,,,,,,,,,,,,,,,,,,,,HTTP 404 에러
,,,,,,,,,,,,,,,,,,,,,HTTP 404 에러
,,,,,,,,,,,,,,,,,,,,,HTTP 404 에러
,,,,,,,,,,,,,,,,,,,,,HTTP 404 에러
,,,,,,,,,,,,,,,,,,,,,HTTP 404 에러
,,,,,,,,,,,,,,,,,,,,,HTTP 404 에러
,,,,,,,,,,,,,,,,,,,,,HTTP 404 에러
,,,,,,,,,,,,,,,,,,,,,HTTP 404 에러
,,,,,,,,,,,,,,,,,,,,,HTTP 404 에러
,,,,,,,,,,,,,,,,,,,,,HTTP 404 에러
,,,,,,,,,,,,,,,,,,,,,HTTP 404 에러
,,,,,,,,,,,,,,,,,,,,,HTTP 404 에러
,,,,,,,,,,,,,,,,,,,,,HTTP 404 에러
,,,,,,,,,,,,,,,,,,,,,HTTP 404 에러
,,,,,,,,,,,,,,,,,,,,,HTTP 404 에러
,,,,,,,,,,,,,,,,,,,,,HTTP 404 에러
,,,,,,,,,,,,,,,,,,,,,HTTP 404 에러
,,,,,,,,,,,,,,,,,,,,,HTTP 404 에러
,,,,,,,,,,,,,,,,,,,,,HTTP 404 에러
,,,,,,,,,,,,,,,,,,,,,HTTP 404 에러
,,,,,,,,,,,,,,,,,,,,,HTTP 404 에러
,,,,,,,,,,,,,,,,,,,,,HTTP 404 에러
,,,,,,,,,,,,,,,,,,,,,HTTP 404 에러
,,,,,,,,,,,,,,,,,,,,,HTTP 404 에러
,,,,,,,,,,,,,,,,,,,,,HTTP 404 에러
,,,,,,,,,,,,,,,,,,,,,HTTP 404 에러
,,,,,,,,,,,,,,,,,,,,,HTTP 404 에러
,,,,,,,,,,,,,,,,,,,,,HTTP 404 에러
,,,,,,,,,,,,,,,,,,,,,HTTP 404 에러
,,,,,,,,,,,,,,,,,,,,,HTTP 404 에러
,,,,,,,,,,,,,,,,,,,,,HTTP 404 에러
,,,,,,,,,,,,,,,,,,,,,HTTP 404 에러
,,,,,,,,,,,,,,,,,,,,,HTTP 404 에러
,,,,,,,,,,,,,,,,,,,,,HTTP 404 에러
,,,,,,,,,,,,,,,,,,,,,HTTP 404 에러
,,,,,,,,,,,,,,,,,,,,,HTTP 404 에러
,,,,,,,,,,,,,,,,,,,,,HTTP 404 에러
,,,,,,,,,,,,,,,,,,,,,HTTP 404 에러
,,,,,,,,,,,,,,,,,,,,,HTTP 404 에러
,,,,,,,,,,,,,,,,,,,,,HTTP 404 에러
,,,,,,,,,,,,,,,,,,,,,HTTP 404 에러
,,,,,,,,,,,,,,,,,,,,,HTTP 404 에러
,,,,,,,,,,,,,,,,,,,,,HTTP 404 에러
,,,,,,,,,,,,,,,,,,,,,HTTP 404 에러
,,,,,,,,,,,,,,,,,,,,,HTTP 404 에러
,,,,,,,,,,,,,,,,,,,,,HTTP 404 에러
,,,,,,,,,,,,,,,,,,,,,HTTP 404 에러
,,,,,,,,,,,,,,,,,,,,,HTTP 404 에러
,,,,,,,,,,,,,,,,,,,,,HTTP 404 에러
,,,,,,,,,,,,,,,,,,,,,HTTP 404 에러
,,,,,,,,,,,,,,,,,,,,,HTTP 404 에러
,,,,,,,,,,,,,,,,,,,,,HTTP 404 에러
,,,,,,,,,,,,,,,,,,,,,HTTP 404 에러
,,,,,,,,,,,,,,,,,,,,,HTTP 404 에러
,,,,,,,,,,,,,,,,,,,,,HTTP 404 에러
,,,,,,,,,,,,,,,,,,,,,HTTP 404 에러
,,,,,,,,,,,,,,,,,,,,,HTTP 404 에러
,,,,,,,,,,,,,,,,,,,,,HTTP 404 에러
,,,,,,,,,,,,,,,,,,,,,HTTP 404 에러
,,,,,,,,,,,,,,,,,,,,,HTTP 404 에러
,,,,,,,,,,,,,,,,,,,,,HTTP 404 에러
,,,,,,,,,,,,,,,,,,,,,HTTP 404 에러
,,,,,,,,,,,,,,,,,,,,,HTTP 404 에러
,,,,,,,,,,,,,,,,,,,,,HTTP 404 에러
,,,,,,,,,,,,,,,,,,,,,HTTP 404 에러
,,,,,,,,,,,,,,,,,,,,,HTTP 404 에러
,,,,,,,,,,,,,,,,,,,,,HTTP 404 에러
,,,,,,,,,,,,,,,,,,,,,HTTP 404 에러
,,,,,,,,,,,,,,,,,,,,,HTTP 404 에러
,,,,,,,,,,,,,,,,,,,,,HTTP 404 에러
,,,,,,,,,,,,,,,,,,,,,HTTP 404 에러
,,,,,,,,,,,,,,,,,,,,,HTTP 404 에러
,,,,,,,,,,,,,,,,,,,,,HTTP 404 에러
,,,,,,,,,,,,,,,,,,,,,HTTP 404 에러
,,,,,,,,,,,,,,,,,,,,,HTTP 404 에러
,,,,,,,,,,,,,,,,,,,,,HTTP 404 에러
,,,,,,,,,,,,,,,,,,,,,HTTP 404 에러
,,,,,,,,,,,,,,,,,,,,,HTTP 404 에러
,,,,,,,,,,,,,,,,,,,,,HTTP 404 에러
,,,,,,,,,,,,,,,,,,,,,HTTP 404 에러
,,,,,,,,,,,,,,,,,,,,,HTTP 404 에러
,,,,,,,,,,,,,,,,,,,,,HTTP 404 에러
,,,,,,,,,,,,,,,,,,,,,HTTP 404 에러
,,,,,,,,,,,,,,,,,,,,,HTTP 404 에러
,,,,,,,,,,,,,,,,,,,,,HTTP 404 에러
,,,,,,,,,,,,,,,,,,,,,HTTP 404 에러
,,,,,,,,,,,,,,,,,,,,,HTTP 404 에러
,,,,,,,,,,,,,,,,,,,,,HTTP 404 에러
,,,,,,,,,,,,,,,,,,,,,HTTP 404 에러
,,,,,,,,,,,,,,,,,,,,,HTTP 404 에러
,,,,,,,,,,,,,,,,,,,,,HTTP 404 에러
,,,,,,,,,,,,,,,,,,,,,HTTP 404 에러
,,,,,,,,,,,,,,,,,,,,,HTTP 404 에러
,,,,,,,,,,,,,,,,,,,,,HTTP 404 에러
,,,,,,,,,,,,,,,,,,,,,HTTP 404 에러
,,,,,,,,,,,,,,,,,,,,,HTTP 404 에러
,,,,,,,,,,,,,,,,,,,,,HTTP 404 에러
,,,,,,,,,,,,,,,,,,,,,HTTP 404 에러
,,,,,,,,,,,,,,,,,,,,,HTTP 404 에러
,,,,,,,,,,,,,,,,,,,,,HTTP 404 에러
,,,,,,,,,,,,,,,,,,,,,HTTP 404 에러
,,,,,,,,,,,,,,,,,,,,,HTTP 404 에러
,,,,,,,,,,,,,,,,,,,,,HTTP 404 에러
,,,,,,,,,,,,,,,,,,,,,HTTP 404 에러
,,,,,,,,,,,,,,,,,,,,,HTTP 404 에러
,,,,,,,,,,,,,,,,,,,,,HTTP 404 에러
,,,,,,,,,,,,,,,,,,,,,HTTP 404 에러
,,,,,,,,,,,,,,,,,,,,,HTTP 404 에러
,,,,,,,,,,,,,,,,,,,,,HTTP 404 에러
,,,,,,,,,,,,,,,,,,,,,HTTP 404 에러
,,,,,,,,,,,,,,,,,,,,,HTTP 404 에러
,,,,,,,,,,,,,,,,,,,,,HTTP 404 에러
,,,,,,,,,,,,,,,,,,,,,HTTP 404 에러
,,,,,,,,,,,,,,,,,,,,,HTTP 404 에러
,,,,,,,,,,,,,,,,,,,,,HTTP 404 에러
,,,,,,,,,,,,,,,,,,,,,HTTP 404 에러
,,,,,,,,,,,,,,,,,,,,,HTTP 404 에러
,,,,,,,,,,,,,,,,,,,,,HTTP 404 에러
,,,,,,,,,,,,,,,,,,,,,HTTP 404 에러
,,,,,,,,,,,,,,,,,,,,,HTTP 404 에러
,,,,,,,,,,,,,,,,,,,,,HTTP 404 에러
,,,,,,,,,,,,,,,,,,,,,HTTP 404 에러
,,,,,,,,,,,,,,,,,,,,,HTTP 404 에러
,,,,,,,,,,,,,,,,,,,,,HTTP 404 에러
,,,,,,,,,,,,,,,,,,,,,HTTP 404 에러
,,,,,,,,,,,,,,,,,,,,,HTTP 404 에러
,,,,,,,,,,,,,,,,,,,,,HTTP 404 에러
,,,,,,,,,,,,,,,,,,,,,HTTP 404 에러
,,,,,,,,,,,,,,,,,,,,,HTTP 404 에러
,,,,,,,,,,,,,,,,,,,,,HTTP 404 에러
,,,,,,,,,,,,,,,,,,,,,HTTP 404 에러
,,,,,,,,,,,,,,,,,,,,,HTTP 404 에러
,,,,,,,,,,,,,,,,,,,,,HTTP 404 에러
,,,,,,,,,,,,,,,,,,,,,HTTP 404 에러
,,,,,,,,,,,,,,,,,,,,,HTTP 404 에러
,,,,,,,,,,,,,,,,,,,,,HTTP 404 에러
,,,,,,,,,,,,,,,,,,,,,HTTP 404 에러
,,,,,,,,,,,,,,,,,,,,,HTTP 404 에러
,,,,,,,,,,,,,,,,,,,,,HTTP 404 에러
,,,,,,,,,,,,,,,,,,,,,HTTP 404 에러
,,,,,,,,,,,,,,,,,,,,,HTTP 404 에러
,,,,,,,,,,,,,,,,,,,,,HTTP 404 에러
,,,,,,,,,,,,,,,,,,,,,HTTP 404 에러
,,,,,,,,,,,,,,,,,,,,,HTTP 404 에러
,,,,,,,,,,,,,,,,,,,,,HTTP 404 에러
,,,,,,,,,,,,,,,,,,,,,HTTP 404 에러
,,,,,,,,,,,,,,,,,,,,,HTTP 404 에러
,,,,,,,,,,,,,,,,,,,,,HTTP 404 에러
,,,,,,,,,,,,,,,,,,,,,HTTP 404 에러
,,,,,,,,,,,,,,,,,,,,,HTTP 404 에러
,,,,,,,,,,,,,,,,,,,,,HTTP 404 에러
,,,,,,,,,,,,,,,,,,,,,HTTP 404 에러
,,,,,,,,,,,,,,,,,,,,,HTTP 404 에러
,,,,,,,,,,,,,,,,,,,,,HTTP 404 에러
,,,,,,,,,,,,,,,,,,,,,HTTP 404 에러
,,,,,,,,,,,,,,,,,,,,,HTTP 404 에러
,,,,,,,,,,,,,,,,,,,,,HTTP 404 에러
,,,,,,,,,,,,,,,,,,,,,HTTP 404 에러
,,,,,,,,,,,,,,,,,,,,,HTTP 404 에러
,,,,,,,,,,,,,,,,,,,,,HTTP 404 에러
,,,,,,,,,,,,,,,,,,,,,HTTP 404 에러
,,,,,,,,,,,,,,,,,,,,,HTTP 404 에러
,,,,,,,,,,,,,,,,,,,,,HTTP 404 에러
,,,,,,,,,,,,,,,,,,,,,HTTP 404 에러
,,,,,,,,,,,,,,,,,,,,,HTTP 404 에러
,,,,,,,,,,,,,,,,,,,,,HTTP 404 에러
,,,,,,,,,,,,,,,,,,,,,HTTP 404 에러
,,,,,,,,,,,,,,,,,,,,,HTTP 404 에러
,,,,,,,,,,,,,,,,,,,,,HTTP 404 에러
,,,,,,,,,,,,,,,,,,,,,HTTP 404 에러
,,,,,,,,,,,,,,,,,,,,,HTTP 404 에러
,,,,,,,,,,,,,,,,,,,,,HTTP 404 에러
,,,,,,,,,,,,,,,,,,,,,HTTP 404 에러
,,,,,,,,,,,,,,,,,,,,,HTTP 404 에러
,,,,,,,,,,,,,,,,,,,,,HTTP 404 에러
,,,,,,,,,,,,,,,,,,,,,HTTP 404 에러
,,,,,,,,,,,,,,,,,,,,,HTTP 404 에러
,,,,,,,,,,,,,,,,,,,,,HTTP 404 에러
,,,,,,,,,,,,,,,,,,,,,HTTP 404 에러
,,,,,,,,,,,,,,,,,,,,,HTTP 404 에러
,,,,,,,,,,,,,,,,,,,,,HTTP 404 에러
,,,,,,,,,,,,,,,,,,,,,HTTP 404 에러
,,,,,,,,,,,,,,,,,,,,,HTTP 404 에러
,,,,,,,,,,,,,,,,,,,,,HTTP 404 에러
,,,,,,,,,,,,,,,,,,,,,HTTP 404 에러
,,,,,,,,,,,,,,,,,,,,,HTTP 404 에러
,,,,,,,,,,,,,,,,,,,,,HTTP 404 에러
,,,,,,,,,,,,,,,,,,,,,HTTP 404 에러
,,,,,,,,,,,,,,,,,,,,,HTTP 404 에러
,,,,,,,,,,,,,,,,,,,,,HTTP 404 에러
,,,,,,,,,,,,,,,,,,,,,HTTP 404 에러
,,,,,,,,,,,,,,,,,,,,,HTTP 404 에러
,,,,,,,,,,,,,,,,,,,,,HTTP 404 에러
,,,,,,,,,,,,,,,,,,,,,HTTP 404 에러
,,,,,,,,,,,,,,,,,,,,,HTTP 404 에러
,,,,,,,,,,,,,,,,,,,,,HTTP 404 에러
,,,,,,,,,,,,,,,,,,,,,HTTP 404 에러
,,,,,,,,,,,,,,,,,,,,,HTTP 404 에러
,,,,,,,,,,,,,,,,,,,,,HTTP 404 에러
,,,,,,,,,,,,,,,,,,,,,HTTP 404 에러
,,,,,,,,,,,,,,,,,,,,,HTTP 404 에러
,,,,,,,,,,,,,,,,,,,,,HTTP 404 에러
,,,,,,,,,,,,,,,,,,,,,HTTP 404 에러
,,,,,,,,,,,,,,,,,,,,,HTTP 404 에러
,,,,,,,,,,,,,,,,,,,,,HTTP 404 에러
,,,,,,,,,,,,,,,,,,,,,HTTP 404 에러
,,,,,,,,,,,,,,,,,,,,,HTTP 404 에러
,,,,,,,,,,,,,,,,,,,,,HTTP 404 에러
,,,,,,,,,,,,,,,,,,,,,HTTP 404 에러
,,,,,,,,,,,,,,,,,,,,,HTTP 404 에러
,,,,,,,,,,,,,,,,,,,,,HTTP 404 에러
,,,,,,,,,,,,,,,,,,,,,HTTP 404 에러
,,,,,,,,,,,,,,,,,,,,,HTTP 404 에러
,,,,,,,,,,,,,,,,,,,,,HTTP 404 에러
,,,,,,,,,,,,,,,,,,,,,HTTP 404 에러
,,,,,,,,,,,,,,,,,,,,,HTTP 404 에러
,,,,,,,,,,,,,,,,,,,,,HTTP 404 에러
,,,,,,,,,,,,,,,,,,,,,HTTP 404 에러
,,,,,,,,,,,,,,,,,,,,,HTTP 404 에러
,,,,,,,,,,,,,,,,,,,,,HTTP 404 에러
,,,,,,,,,,,,,,,,,,,,,HTTP 404 에러
,,,,,,,,,,,,,,,,,,,,,HTTP 404 에러
,,,,,,,,,,,,,,,,,,,,,HTTP 404 에러
,,,,,,,,,,,,,,,,,,,,,HTTP 404 에러
,,,,,,,,,,,,,,,,,,,,,HTTP 404 에러
,,,,,,,,,,,,,,,,,,,,,HTTP 404 에러
,,,,,,,,,,,,,,,,,,,,,HTTP 404 에러
,,,,,,,,,,,,,,,,,,,,,HTTP 404 에러
,,,,,,,,,,,,,,,,,,,,,HTTP 404 에러
,,,,,,,,,,,,,,,,,,,,,HTTP 404 에러
,,,,,,,,,,,,,,,,,,,,,HTTP 404 에러
,,,,,,,,,,,,,,,,,,,,,HTTP 404 에러
,,,,,,,,,,,,,,,,,,,,,HTTP 404 에러
,,,,,,,,,,,,,,,,,,,,,HTTP 404 에러
,,,,,,,,,,,,,,,,,,,,,HTTP 404 에러
,,,,,,,,,,,,,,,,,,,,,HTTP 404 에러
,,,,,,,,,,,,,,,,,,,,,HTTP 404 에러
,,,,,,,,,,,,,,,,,,,,,HTTP 404 에러
,,,,,,,,,,,,,,,,,,,,,HTTP 404 에러
,,,,,,,,,,,,,,,,,,,,,HTTP 404 에러
,,,,,,,,,,,,,,,,,,,,,HTTP 404 에러
,,,,,,,,,,,,,,,,,,,,,HTTP 404 에러
,,,,,,,,,,,,,,,,,,,,,HTTP 404 에러
,,,,,,,,,,,,,,,,,,,,,HTTP 404 에러
,,,,,,,,,,,,,,,,,,,,,HTTP 404 에러
,,,,,,,,,,,,,,,,,,,,,HTTP 404 에러
,,,,,,,,,,,,,,,,,,,,,HTTP 404 에러
,,,,,,,,,,,,,,,,,,,,,HTTP 404 에러
,,,,,,,,,,,,,,,,,,,,,HTTP 404 에러
,,,,,,,,,,,,,,,,,,,,,HTTP 404 에러
,,,,,,,,,,,,,,,,,,,,,HTTP 404 에러
,,,,,,,,,,,,,,,,,,,,,HTTP 404 에러
,,,,,,,,,,,,,,,,,,,,,HTTP 404 에러
,,,,,,,,,,,,,,,,,,,,,HTTP 404 에러
,,,,,,,,,,,,,,,,,,,,,HTTP 404 에러
,,,,,,,,,,,,,,,,,,,,,HTTP 404 에러
,,,,,,,,,,,,,,,,,,,,,HTTP 404 에러
,,,,,,,,,,,,,,,,,,,,,HTTP 404 에러
,,,,,,,,,,,,,,,,,,,,,HTTP 404 에러
,,,,,,,,,,,,,,,,,,,,,HTTP 404 에러
,,,,,,,,,,,,,,,,,,,,,HTTP 404 에러
,,,,,,,,,,,,,,,,,,,,,HTTP 404 에러
,,,,,,,,,,,,,,,,,,,,,HTTP 404 에러
,,,,,,,,,,,,,,,,,,,,,HTTP 404 에러
,,,,,,,,,,,,,,,,,,,,,HTTP 404 에러
,,,,,,,,,,,,,,,,,,,,,HTTP 404 에러
,,,,,,,,,,,,,,,,,,,,,HTTP 404 에러
,,,,,,,,,,,,,,,,,,,,,HTTP 404 에러
,,,,,,,,,,,,,,,,,,,,,HTTP 404 에러
,,,,,,,,,,,,,,,,,,,,,HTTP 404 에러
,,,,,,,,,,,,,,,,,,,,,HTTP 404 에러
,,,,,,,,,,,,,,,,,,,,,HTTP 404 에러
,,,,,,,,,,,,,,,,,,,,,HTTP 404 에러
,,,,,,,,,,,,,,,,,,,,,HTTP 404 에러
,,,,,,,,,,,,,,,,,,,,,HTTP 404 에러
,,,,,,,,,,,,,,,,,,,,,HTTP 404 에러
,,,,,,,,,,,,,,,,,,,,,HTTP 404 에러
,,,,,,,,,,,,,,,,,,,,,HTTP 404 에러
,,,,,,,,,,,,,,,,,,,,,HTTP 404 에러
,,,,,,,,,,,,,,,,,,,,,HTTP 404 에러
,,,,,,,,,,,,,,,,,,,,,HTTP 404 에러
,,,,,,,,,,,,,,,,,,,,,HTTP 404 에러
,,,,,,,,,,,,,,,,,,,,,HTTP 404 에러
,,,,,,,,,,,,,,,,,,,,,HTTP 404 에러
,,,,,,,,,,,,,,,,,,,,,HTTP 404 에러
,,,,,,,,,,,,,,,,,,,,,HTTP 404 에러
,,,,,,,,,,,,,,,,,,,,,HTTP 404 에러
,,,,,,,,,,,,,,,,,,,,,HTTP 404 에러
,,,,,,,,,,,,,,,,,,,,,HTTP 404 에러
,,,,,,,,,,,,,,,,,,,,,HTTP 404 에러
,,,,,,,,,,,,,,,,,,,,,HTTP 404 에러
,,,,,,,,,,,,,,,,,,,,,HTTP 404 에러
,,,,,,,,,,,,,,,,,,,,,HTTP 404 에러
,,,,,,,,,,,,,,,,,,,,,HTTP 404 에러
,,,,,,,,,,,,,,,,,,,,,HTTP 404 에러
,,,,,,,,,,,,,,,,,,,,,HTTP 404 에러
,,,,,,,,,,,,,,,,,,,,,HTTP 404 에러
,,,,,,,,,,,,,,,,,,,,,HTTP 404 에러
,,,,,,,,,,,,,,,,,,,,,HTTP 404 에러
,,,,,,,,,,,,,,,,,,,,,HTTP 404 에러
,,,,,,,,,,,,,,,,,,,,,HTTP 404 에러
,,,,,,,,,,,,,,,,,,,,,HTTP 404 에러
,,,,,,,,,,,,,,,,,,,,,HTTP 404 에러
,,,,,,,,,,,,,,,,,,,,,HTTP 404 에러
,,,,,,,,,,,,,,,,,,,,,HTTP 404 에러
,,,,,,,,,,,,,,,,,,,,,HTTP 404 에러
,,,,,,,,,,,,,,,,,,,,,HTTP 404 에러
,,,,,,,,,,,,,,,,,,,,,HTTP 404 에러
,,,,,,,,,,,,,,,,,,,,,HTTP 404 에러
,,,,,,,,,,,,,,,,,,,,,HTTP 404 에러
,,,,,,,,,,,,,,,,,,,,,HTTP 404 에러
,,,,,,,,,,,,,,,,,,,,,HTTP 404 에러
,,,,,,,,,,,,,,,,,,,,,HTTP 404 에러
,,,,,,,,,,,,,,,,,,,,,HTTP 404 에러
,,,,,,,,,,,,,,,,,,,,,HTTP 404 에러
,,,,,,,,,,,,,,,,,,,,,HTTP 404 에러
,,,,,,,,,,,,,,,,,,,,,HTTP 404 에러
,,,,,,,,,,,,,,,,,,,,,HTTP 404 에러
,,,,,,,,,,,,,,,,,,,,,HTTP 404 에러
,,,,,,,,,,,,,,,,,,,,,HTTP 404 에러
,,,,,,,,,,,,,,,,,,,,,HTTP 404 에러
,,,,,,,,,,,,,,,,,,,,,HTTP 404 에러
,,,,,,,,,,,,,,,,,,,,,HTTP 404 에러
,,,,,,,,,,,,,,,,,,,,,HTTP 404 에러
,,,,,,,,,,,,,,,,,,,,,HTTP 404 에러
,,,,,,,,,,,,,,,,,,,,,HTTP 404 에러
,,,,,,,,,,,,,,,,,,,,,HTTP 404 에러
,,,,,,,,,,,,,,,,,,,,,HTTP 404 에러
,,,,,,,,,,,,,,,,,,,,,HTTP 404 에러
,,,,,,,,,,,,,,,,,,,,,HTTP 404 에러
,,,,,,,,,,,,,,,,,,,,,HTTP 404 에러
,,,,,,,,,,,,,,,,,,,,,HTTP 404 에러
,,,,,,,,,,,,,,,,,,,,,HTTP 404 에러
,,,,,,,,,,,,,,,,,,,,,HTTP 404 에러
,,,,,,,,,,,,,,,,,,,,,HTTP 404 에러
,,,,,,,,,,,,,,,,,,,,,HTTP 404 에러
,,,,,,,,,,,,,,,,,,,,,HTTP 404 에러
,,,,,,,,,,,,,,,,,,,,,HTTP 404 에러
,,,,,,,,,,,,,,,,,,,,,HTTP 404 에러
,,,,,,,,,,,,,,,,,,,,,HTTP 404 에러
,,,,,,,,,,,,,,,,,,,,,HTTP 404 에러
,,,,,,,,,,,,,,,,,,,,,HTTP 404 에러
,,,,,,,,,,,,,,,,,,,,,HTTP 404 에러
,,,,,,,,,,,,,,,,,,,,,HTTP 404 에러
,,,,,,,,,,,,,,,,,,,,,HTTP 404 에러
,,,,,,,,,,,,,,,,,,,,,HTTP 404 에러
,,,,,,,,,,,,,,,,,,,,,HTTP 404 에러
,,,,,,,,,,,,,,,,,,,,,HTTP 404 에러
,,,,,,,,,,,,,,,,,,,,,HTTP 404 에러
,,,,,,,,,,,,,,,,,,,,,HTTP 404 에러
,,,,,,,,,,,,,,,,,,,,,HTTP 404 에러
,,,,,,,,,,,,,,,,,,,,,HTTP 404 에러
,,,,,,,,,,,,,,,,,,,,,HTTP 404 에러
,,,,,,,,,,,,,,,,,,,,,HTTP 404 에러
,,,,,,,,,,,,,,,,,,,,,HTTP 404 에러
,,,,,,,,,,,,,,,,,,,,,HTTP 404 에러
,,,,,,,,,,,,,,,,,,,,,HTTP 404 에러
,,,,,,,,,,,,,,,,,,,,,HTTP 404 에러
,,,,,,,,,,,,,,,,,,,,,HTTP 404 에러
,,,,,,,,,,,,,,,,,,,,,HTTP 404 에러
,,,,,,,,,,,,,,,,,,,,,HTTP 404 에러
,,,,,,,,,,,,,,,,,,,,,HTTP 404 에러
,,,,,,,,,,,,,,,,,,,,,HTTP 404 에러
,,,,,,,,,,,,,,,,,,,,,HTTP 404 에러
,,,,,,,,,,,,,,,,,,,,,HTTP 404 에러
,,,,,,,,,,,,,,,,,,,,,HTTP 404 에러
,,,,,,,,,,,,,,,,,,,,,HTTP 404 에러
,,,,,,,,,,,,,,,,,,,,,HTTP 404 에러
,,,,,,,,,,,,,,,,,,,,,HTTP 404 에러
,,,,,,,,,,,,,,,,,,,,,HTTP 404 에러
,,,,,,,,,,,,,,,,,,,,,HTTP 404 에러
,,,,,,,,,,,,,,,,,,,,,HTTP 404 에러
,,,,,,,,,,,,,,,,,,,,,HTTP 404 에러
,,,,,,,,,,,,,,,,,,,,,HTTP 404 에러
,,,,,,,,,,,,,,,,,,,,,HTTP 404 에러
,,,,,,,,,,,,,,,,,,,,,HTTP 404 에러
,,,,,,,,,,,,,,,,,,,,,HTTP 404 에러
,,,,,,,,,,,,,,,,,,,,,HTTP 404 에러
,,,,,,,,,,,,,,,,,,,,,HTTP 404 에러
,,,,,,,,,,,,,,,,,,,,,HTTP 404 에러
,,,,,,,,,,,,,,,,,,,,,HTTP 404 에러
,,,,,,,,,,,,,,,,,,,,,HTTP 404 에러
,,,,,,,,,,,,,,,,,,,,,HTTP 404 에러
,,,,,,,,,,,,,,,,,,,,,HTTP 404 에러
,,,,,,,,,,,,,,,,,,,,,HTTP 404 에러
,,,,,,,,,,,,,,,,,,,,,HTTP 404 에러
,,,,,,,,,,,,,,,,,,,,,HTTP 404 에러
,,,,,,,,,,,,,,,,,,,,,HTTP 404 에러
,,,,,,,,,,,,,,,,,,,,,HTTP 404 에러
,,,,,,,,,,,,,,,,,,,,,HTTP 404 에러
,,,,,,,,,,,,,,,,,,,,,HTTP 404 에러
,,,,,,,,,,,,,,,,,,,,,HTTP 404 에러
,,,,,,,,,,,,,,,,,,,,,HTTP 404 에러
,,,,,,,,,,,,,,,,,,,,,HTTP 404 에러
,,,,,,,,,,,,,,,,,,,,,HTTP 404 에러
,,,,,,,,,,,,,,,,,,,,,HTTP 404 에러
,,,,,,,,,,,,,,,,,,,,,HTTP 404 에러
,,,,,,,,,,,,,,,,,,,,,HTTP 404 에러
,,,,,,,,,,,,,,,,,,,,,HTTP 404 에러
,,,,,,,,,,,,,,,,,,,,,HTTP 404 에러
,,,,,,,,,,,,,,,,,,,,,HTTP 404 에러
,,,,,,,,,,,,,,,,,,,,,HTTP 404 에러
,,,,,,,,,,,,,,,,,,,,,HTTP 404 에러
,,,,,,,,,,,,,,,,,,,,,HTTP 404 에러
,,,,,,,,,,,,,,,,,,,,,HTTP 404 에러
,,,,,,,,,,,,,,,,,,,,,HTTP 404 에러
,,,,,,,,,,,,,,,,,,,,,HTTP 404 에러
,,,,,,,,,,,,,,,,,,,,,HTTP 404 에러
,,,,,,,,,,,,,,,,,,,,,HTTP 404 에러
,,,,,,,,,,,,,,,,,,,,,HTTP 404 에러
,,,,,,,,,,,,,,,,,,,,,HTTP 404 에러
,,,,,,,,,,,,,,,,,,,,,HTTP 404 에러
,,,,,,,,,,,,,,,,,,,,,HTTP 404 에러
,,,,,,,,,,,,,,,,,,,,,HTTP 404 에러
,,,,,,,,,,,,,,,,,,,,,HTTP 404 에러
,,,,,,,,,,,,,,,,,,,,,HTTP 404 에러
,,,,,,,,,,,,,,,,,,,,,HTTP 404 에러
,,,,,,,,,,,,,,,,,,,,,HTTP 404 에러
,,,,,,,,,,,,,,,,,,,,,HTTP 404 에러
,,,,,,,,,,,,,,,,,,,,,HTTP 404 에러
,,,,,,,,,,,,,,,,,,,,,HTTP 404 에러
,,,,,,,,,,,,,,,,,,,,,HTTP 404 에러
,,,,,,,,,,,,,,,,,,,,,HTTP 404 에러
,,,,,,,,,,,,,,,,,,,,,HTTP 404 에러
,,,,,,,,,,,,,,,,,,,,,HTTP 404 에러
,,,,,,,,,,,,,,,,,,,,,HTTP 404 에러
,,,,,,,,,,,,,,,,,,,,,HTTP 404 에러
,,,,,,,,,,,,,,,,,,,,,HTTP 404 에러
,,,,,,,,,,,,,,,,,,,,,HTTP 404 에러
,,,,,,,,,,,,,,,,,,,,,HTTP 404 에러
,,,,,,,,,,,,,,,,,,,,,HTTP 404 에러
,,,,,,,,,,,,,,,,,,,,,HTTP 404 에러
,,,,,,,,,,,,,,,,,,,,,HTTP 404 에러
,,,,,,,,,,,,,,,,,,,,,HTTP 404 에러
,,,,,,,,,,,,,,,,,,,,,HTTP 404 에러
,,,,,,,,,,,,,,,,,,,,,HTTP 404 에러
,,,,,,,,,,,,,,,,,,,,,HTTP 404 에러
,,,,,,,,,,,,,,,,,,,,,HTTP 404 에러
,,,,,,,,,,,,,,,,,,,,,HTTP 404 에러
,,,,,,,,,,,,,,,,,,,,,HTTP 404 에러
,,,,,,,,,,,,,,,,,,,,,HTTP 404 에러
,,,,,,,,,,,,,,,,,,,,,HTTP 404 에러
,,,,,,,,,,,,,,,,,,,,,HTTP 404 에러
,,,,,,,,,,,,,,,,,,,,,HTTP 404 에러
,,,,,,,,,,,,,,,,,,,,,HTTP 404 에러
,,,,,,,,,,,,,,,,,,,,,HTTP 404 에러
,,,,,,,,,,,,,,,,,,,,,HTTP 404 에러
,,,,,,,,,,,,,,,,,,,,,HTTP 404 에러
,,,,,,,,,,,,,,,,,,,,,HTTP 404 에러
,,,,,,,,,,,,,,,,,,,,,HTTP 404 에러
,,,,,,,,,,,,,,,,,,,,,HTTP 404 에러
,,,,,,,,,,,,,,,,,,,,,HTTP 404 에러
,,,,,,,,,,,,,,,,,,,,,HTTP 404 에러
,,,,,,,,,,,,,,,,,,,,,HTTP 404 에러
,,,,,,,,,,,,,,,,,,,,,HTTP 404 에러
,,,,,,,,,,,,,,,,,,,,,HTTP 404 에러
,,,,,,,,,,,,,,,,,,,,,HTTP 404 에러
,,,,,,,,,,,,,,,,,,,,,HTTP 404 에러
,,,,,,,,,,,,,,,,,,,,,HTTP 404 에러
,,,,,,,,,,,,,,,,,,,,,HTTP 404 에러
,,,,,,,,,,,,,,,,,,,,,HTTP 404 에러
,,,,,,,,,,,,,,,,,,,,,HTTP 404 에러
,,,,,,,,,,,,,,,,,,,,,HTTP 404 에러
,,,,,,,,,,,,,,,,,,,,,HTTP 404 에러
,,,,,,,,,,,,,,,,,,,,,HTTP 404 에러
,,,,,,,,,,,,,,,,,,,,,HTTP 404 에러
,,,,,,,,,,,,,,,,,,,,,HTTP 404 에러
,,,,,,,,,,,,,,,,,,,,,HTTP 404 에러
,,,,,,,,,,,,,,,,,,,,,HTTP 404 에러
,,,,,,,,,,,,,,,,,,,,,HTTP 404 에러
,,,,,,,,,,,,,,,,,,,,,HTTP 404 에러
,,,,,,,,,,,,,,,,,,,,,HTTP 404 에러
,,,,,,,,,,,,,,,,,,,,,HTTP 404 에러
,,,,,,,,,,,,,,,,,,,,,HTTP 404 에러
,,,,,,,,,,,,,,,,,,,,,HTTP 404 에러
,,,,,,,,,,,,,,,,,,,,,HTTP 404 에러
,,,,,,,,,,,,,,,,,,,,,HTTP 404 에러
,,,,,,,,,,,,,,,,,,,,,HTTP 404 에러
,,,,,,,,,,,,,,,,,,,,,HTTP 404 에러
,,,,,,,,,,,,,,,,,,,,,HTTP 404 에러
,,,,,,,,,,,,,,,,,,,,,HTTP 404 에러
,,,,,,,,,,,,,,,,,,,,,HTTP 404 에러
,,,,,,,,,,,,,,,,,,,,,HTTP 404 에러
,,,,,,,,,,,,,,,,,,,,,HTTP 404 에러
,,,,,,,,,,,,,,,,,,,,,HTTP 404 에러
,,,,,,,,,,,,,,,,,,,,,HTTP 404 에러
,,,,,,,,,,,,,,,,,,,,,HTTP 404 에러
,,,,,,,,,,,,,,,,,,,,,HTTP 404 에러
,,,,,,,,,,,,,,,,,,,,,HTTP 404 에러
,,,,,,,,,,,,,,,,,,,,,HTTP 404 에러
,,,,,,,,,,,,,,,,,,,,,HTTP 404 에러
,,,,,,,,,,,,,,,,,,,,,HTTP 404 에러
,,,,,,,,,,,,,,,,,,,,,HTTP 404 에러
,,,,,,,,,,,,,,,,,,,,,HTTP 404 에러
,,,,,,,,,,,,,,,,,,,,,HTTP 404 에러
,,,,,,,,,,,,,,,,,,,,,HTTP 404 에러
,,,,,,,,,,,,,,,,,,,,,HTTP 404 에러
,,,,,,,,,,,,,,,,,,,,,HTTP 404 에러
,,,,,,,,,,,,,,,,,,,,,HTTP 404 에러
,,,,,,,,,,,,,,,,,,,,,HTTP 404 에러
,,,,,,,,,,,,,,,,,,,,,HTTP 404 에러
,,,,,,,,,,,,,,,,,,,,,HTTP 404 에러
,,,,,,,,,,,,,,,,,,,,,HTTP 404 에러
,,,,,,,,,,,,,,,,,,,,,HTTP 404 에러
,,,,,,,,,,,,,,,,,,,,,HTTP 404 에러
,,,,,,,,,,,,,,,,,,,,,HTTP 404 에러
,,,,,,,,,,,,,,,,,,,,,HTTP 404 에러
,,,,,,,,,,,,,,,,,,,,,HTTP 404 에러
,,,,,,,,,,,,,,,,,,,,,HTTP 404 에러
,,,,,,,,,,,,,,,,,,,,,HTTP 404 에러
,,,,,,,,,,,,,,,,,,,,,HTTP 404 에러
,,,,,,,,,,,,,,,,,,,,,HTTP 404 에러
,,,,,,,,,,,,,,,,,,,,,HTTP 404 에러
,,,,,,,,,,,,,,,,,,,,,HTTP 404 에러
,,,,,,,,,,,,,,,,,,,,,HTTP 404 에러
,,,,,,,,,,,,,,,,,,,,,HTTP 404 에러
,,,,,,,,,,,,,,,,,,,,,HTTP 404 에러
,,,,,,,,,,,,,,,,,,,,,HTTP 404 에러
,,,,,,,,,,,,,,,,,,,,,HTTP 404 에러
,,,,,,,,,,,,,,,,,,,,,HTTP 404 에러
,,,,,,,,,,,,,,,,,,,,,HTTP 404 에러
,,,,,,,,,,,,,,,,,,,,,HTTP 404 에러
,,,,,,,,,,,,,,,,,,,,,HTTP 404 에러
,,,,,,,,,,,,,,,,,,,,,HTTP 404 에러
,,,,,,,,,,,,,,,,,,,,,HTTP 404 에러
,,,,,,,,,,,,,,,,,,,,,HTTP 404 에러
,,,,,,,,,,,,,,,,,,,,,HTTP 404 에러
,,,,,,,,,,,,,,,,,,,,,HTTP 404 에러
,,,,,,,,,,,,,,,,,,,,,HTTP 404 에러
,,,,,,,,,,,,,,,,,,,,,HTTP 404 에러
,,,,,,,,,,,,,,,,,,,,,HTTP 404 에러
,,,,,,,,,,,,,,,,,,,,,HTTP 404 에러
,,,,,,,,,,,,,,,,,,,,,HTTP 404 에러
,,,,,,,,,,,,,,,,,,,,,HTTP 404 에러
,,,,,,,,,,,,,,,,,,,,,HTTP 404 에러
,,,,,,,,,,,,,,,,,,,,,HTTP 404 에러
,,,,,,,,,,,,,,,,,,,,,HTTP 404 에러
,,,,,,,,,,,,,,,,,,,,,HTTP 404 에러
,,,,,,,,,,,,,,,,,,,,,HTTP 404 에러
,,,,,,,,,,,,,,,,,,,,,HTTP 404 에러
,,,,,,,,,,,,,,,,,,,,,HTTP 404 에러
,,,,,,,,,,,,,,,,,,,,,HTTP 404 에러
,,,,,,,,,,,,,,,,,,,,,HTTP 404 에러
,,,,,,,,,,,,,,,,,,,,,HTTP 404 에러
,,,,,,,,,,,,,,,,,,,,,HTTP 404 에러
,,,,,,,,,,,,,,,,,,,,,HTTP 404 에러
,,,,,,,,,,,,,,,,,,,,,HTTP 404 에러
,,,,,,,,,,,,,,,,,,,,,HTTP 404 에러
,,,,,,,,,,,,,,,,,,,,,HTTP 404 에러
,,,,,,,,,,,,,,,,,,,,,HTTP 404 에러
,,,,,,,,,,,,,,,,,,,,,HTTP 404 에러
,,,,,,,,,,,,,,,,,,,,,HTTP 404 에러
,,,,,,,,,,,,,,,,,,,,,HTTP 404 에러
,,,,,,,,,,,,,,,,,,,,,HTTP 404 에러
,,,,,,,,,,,,,,,,,,,,,HTTP 404 에러
,,,,,,,,,,,,,,,,,,,,,HTTP 404 에러
,,,,,,,,,,,,,,,,,,,,,HTTP 404 에러
,,,,,,,,,,,,,,,,,,,,,HTTP 404 에러
,,,,,,,,,,,,,,,,,,,,,HTTP 404 에러
,,,,,,,,,,,,,,,,,,,,,HTTP 404 에러
,,,,,,,,,,,,,,,,,,,,,HTTP 404 에러
,,,,,,,,,,,,,,,,,,,,,HTTP 404 에러
,,,,,,,,,,,,,,,,,,,,,HTTP 404 에러
,,,,,,,,,,,,,,,,,,,,,HTTP 404 에러
,,,,,,,,,,,,,,,,,,,,,HTTP 404 에러
,,,,,,,,,,,,,,,,,,,,,HTTP 404 에러
,,,,,,,,,,,,,,,,,,,,,HTTP 404 에러
,,,,,,,,,,,,,,,,,,,,,HTTP 404 에러
,,,,,,,,,,,,,,,,,,,,,HTTP 404 에러
,,,,,,,,,,,,,,,,,,,,,HTTP 404 에러
,,,,,,,,,,,,,,,,,,,,,HTTP 404 에러
,,,,,,,,,,,,,,,,,,,,,HTTP 404 에러
,,,,,,,,,,,,,,,,,,,,,HTTP 404 에러
,,,,,,,,,,,,,,,,,,,,,HTTP 404 에러
,,,,,,,,,,,,,,,,,,,,,HTTP 404 에러
,,,,,,,,,,,,,,,,,,,,,HTTP 404 에러
,,,,,,,,,,,,,,,,,,,,,HTTP 404 에러
,,,,,,,,,,,,,,,,,,,,,HTTP 404 에러
,,,,,,,,,,,,,,,,,,,,,HTTP 404 에러
,,,,,,,,,,,,,,,,,,,,,HTTP 404 에러
,,,,,,,,,,,,,,,,,,,,,HTTP 404 에러
,,,,,,,,,,,,,,,,,,,,,HTTP 404 에러
,,,,,,,,,,,,,,,,,,,,,HTTP 404 에러
,,,,,,,,,,,,,,,,,,,,,HTTP 404 에러
,,,,,,,,,,,,,,,,,,,,,HTTP 404 에러
,,,,,,,,,,,,,,,,,,,,,HTTP 404 에러
,,,,,,,,,,,,,,,,,,,,,HTTP 404 에러
,,,,,,,,,,,,,,,,,,,,,HTTP 404 에러
,,,,,,,,,,,,,,,,,,,,,HTTP 404 에러
,,,,,,,,,,,,,,,,,,,,,HTTP 404 에러
,,,,,,,,,,,,,,,,,,,,,HTTP 404 에러
,,,,,,,,,,,,,,,,,,,,,HTTP 404 에러
,,,,,,,,,,,,,,,,,,,,,HTTP 404 에러
,,,,,,,,,,,,,,,,,,,,,HTTP 404 에러
,,,,,,,,,,,,,,,,,,,,,HTTP 404 에러
,,,,,,,,,,,,,,,,,,,,,HTTP 404 에러
,,,,,,,,,,,,,,,,,,,,,HTTP 404 에러
,,,,,,,,,,,,,,,,,,,,,HTTP 404 에러
,,,,,,,,,,,,,,,,,,,,,HTTP 404 에러
,,,,,,,,,,,,,,,,,,,,,HTTP 404 에러
,,,,,,,,,,,,,,,,,,,,,HTTP 404 에러
,,,,,,,,,,,,,,,,,,,,,HTTP 404 에러
,,,,,,,,,,,,,,,,,,,,,HTTP 404 에러
,,,,,,,,,,,,,,,,,,,,,HTTP 404 에러
,,,,,,,,,,,,,,,,,,,,,HTTP 404 에러
,,,,,,,,,,,,,,,,,,,,,HTTP 404 에러
,,,,,,,,,,,,,,,,,,,,,HTTP 404 에러
,,,,,,,,,,,,,,,,,,,,,HTTP 404 에러
,,,,,,,,,,,,,,,,,,,,,HTTP 404 에러
,,,,,,,,,,,,,,,,,,,,,HTTP 404 에러
,,,,,,,,,,,,,,,,,,,,,HTTP 404 에러
,,,,,,,,,,,,,,,,,,,,,HTTP 404 에러
,,,,,,,,,,,,,,,,,,,,,HTTP 404 에러
,,,,,,,,,,,,,,,,,,,,,HTTP 404 에러
,,,,,,,,,,,,,,,,,,,,,HTTP 404 에러
,,,,,,,,,,,,,,,,,,,,,HTTP 404 에러
,,,,,,,,,,,,,,,,,,,,,HTTP 404 에러
,,,,,,,,,,,,,,,,,,,,,HTTP 404 에러
,,,,,,,,,,,,,,,,,,,,,HTTP 404 에러
,,,,,,,,,,,,,,,,,,,,,HTTP 404 에러
,,,,,,,,,,,,,,,,,,,,,HTTP 404 에러
,,,,,,,,,,,,,,,,,,,,,HTTP 404 에러
,,,,,,,,,,,,,,,,,,,,,HTTP 404 에러
,,,,,,,,,,,,,,,,,,,,,HTTP 404 에러
,,,,,,,,,,,,,,,,,,,,,HTTP 404 에러
,,,,,,,,,,,,,,,,,,,,,HTTP 404 에러
,,,,,,,,,,,,,,,,,,,,,HTTP 404 에러
,,,,,,,,,,,,,,,,,,,,,HTTP 404 에러
,,,,,,,,,,,,,,,,,,,,,HTTP 404 에러
,,,,,,,,,,,,,,,,,,,,,HTTP 404 에러
,,,,,,,,,,,,,,,,,,,,,HTTP 404 에러
,,,,,,,,,,,,,,,,,,,,,HTTP 404 에러
,,,,,,,,,,,,,,,,,,,,,HTTP 404 에러
,,,,,,,,,,,,,,,,,,,,,HTTP 404 에러
,,,,,,,,,,,,,,,,,,,,,HTTP 404 에러
,,,,,,,,,,,,,,,,,,,,,HTTP 404 에러
,,,,,,,,,,,,,,,,,,,,,HTTP 404 에러
,,,,,,,,,,,,,,,,,,,,,HTTP 404 에러
,,,,,,,,,,,,,,,,,,,,,HTTP 404 에러
,,,,,,,,,,,,,,,,,,,,,HTTP 404 에러
,,,,,,,,,,,,,,,,,,,,,HTTP 404 에러
,,,,,,,,,,,,,,,,,,,,,HTTP 404 에러
,,,,,,,,,,,,,,,,,,,,,HTTP 404 에러
,,,,,,,,,,,,,,,,,,,,,HTTP 404 에러
,,,,,,,,,,,,,,,,,,,,,HTTP 404 에러
,,,,,,,,,,,,,,,,,,,,,HTTP 404 에러
,,,,,,,,,,,,,,,,,,,,,HTTP 404 에러
,,,,,,,,,,,,,,,,,,,,,HTTP 404 에러
,,,,,,,,,,,,,,,,,,,,,HTTP 404 에러
,,,,,,,,,,,,,,,,,,,,,HTTP 404 에러
,,,,,,,,,,,,,,,,,,,,,HTTP 404 에러
,,,,,,,,,,,,,,,,,,,,,HTTP 404 에러
,,,,,,,,,,,,,,,,,,,,,HTTP 404 에러
,,,,,,,,,,,,,,,,,,,,,HTTP 404 에러
,,,,,,,,,,,,,,,,,,,,,HTTP 404 에러
,,,,,,,,,,,,,,,,,,,,,HTTP 404 에러
,,,,,,,,,,,,,,,,,,,,,HTTP 404 에러
,,,,,,,,,,,,,,,,,,,,,HTTP 404 에러
,,,,,,,,,,,,,,,,,,,,,HTTP 404 에러
,,,,,,,,,,,,,,,,,,,,,HTTP 404 에러
,,,,,,,,,,,,,,,,,,,,,HTTP 404 에러
,,,,,,,,,,,,,,,,,,,,,HTTP 404 에러
,,,,,,,,,,,,,,,,,,,,,HTTP 404 에러
,,,,,,,,,,,,,,,,,,,,,HTTP 404 에러
,,,,,,,,,,,,,,,,,,,,,HTTP 404 에러
,,,,,,,,,,,,,,,,,,,,,HTTP 404 에러
,,,,,,,,,,,,,,,,,,,,,HTTP 404 에러
,,,,,,,,,,,,,,,,,,,,,HTTP 404 에러
,,,,,,,,,,,,,,,,,,,,,HTTP 404 에러
,,,,,,,,,,,,,,,,,,,,,HTTP 404 에러
,,,,,,,,,,,,,,,,,,,,,HTTP 404 에러
,,,,,,,,,,,,,,,,,,,,,HTTP 404 에러
,,,,,,,,,,,,,,,,,,,,,HTTP 404 에러
,,,,,,,,,,,,,,,,,,,,,HTTP 404 에러
,,,,,,,,,,,,,,,,,,,,,HTTP 404 에러
,,,,,,,,,,,,,,,,,,,,,HTTP 404 에러
,,,,,,,,,,,,,,,,,,,,,HTTP 404 에러
,,,,,,,,,,,,,,,,,,,,,HTTP 404 에러
,,,,,,,,,,,,,,,,,,,,,HTTP 404 에러
,,,,,,,,,,,,,,,,,,,,,HTTP 404 에러
,,,,,,,,,,,,,,,,,,,,,HTTP 404 에러
,,,,,,,,,,,,,,,,,,,,,HTTP 404 에러
,,,,,,,,,,,,,,,,,,,,,HTTP 404 에러
,,,,,,,,,,,,,,,,,,,,,HTTP 404 에러
,,,,,,,,,,,,,,,,,,,,,HTTP 404 에러
,,,,,,,,,,,,,,,,,,,,,HTTP 404 에러
,,,,,,,,,,,,,,,,,,,,,HTTP 404 에러
,,,,,,,,,,,,,,,,,,,,,HTTP 404 에러
,,,,,,,,,,,,,,,,,,,,,HTTP 404 에러
,,,,,,,,,,,,,,,,,,,,,HTTP 404 에러
,,,,,,,,,,,,,,,,,,,,,HTTP 404 에러
,,,,,,,,,,,,,,,,,,,,,HTTP 404 에러
,,,,,,,,,,,,,,,,,,,,,HTTP 404 에러
,,,,,,,,,,,,,,,,,,,,,HTTP 404 에러
,,,,,,,,,,,,,,,,,,,,,HTTP 404 에러
,,,,,,,,,,,,,,,,,,,,,HTTP 404 에러
,,,,,,,,,,,,,,,,,,,,,HTTP 404 에러
,,,,,,,,,,,,,,,,,,,,,HTTP 404 에러
,,,,,,,,,,,,,,,,,,,,,HTTP 404 에러
,,,,,,,,,,,,,,,,,,,,,HTTP 404 에러
,,,,,,,,,,,,,,,,,,,,,HTTP 404 에러
,,,,,,,,,,,,,,,,,,,,,HTTP 404 에러
,,,,,,,,,,,,,,,,,,,,,HTTP 404 에러
,,,,,,,,,,,,,,,,,,,,,HTTP 404 에러
,,,,,,,,,,,,,,,,,,,,,HTTP 404 에러
,,,,,,,,,,,,,,,,,,,,,HTTP 404 에러
,,,,,,,,,,,,,,,,,,,,,HTTP 404 에러
,,,,,,,,,,,,,,,,,,,,,HTTP 404 에러
,,,,,,,,,,,,,,,,,,,,,HTTP 404 에러
,,,,,,,,,,,,,,,,,,,,,HTTP 404 에러
,,,,,,,,,,,,,,,,,,,,,HTTP 404 에러
,,,,,,,,,,,,,,,,,,,,,HTTP 404 에러
,,,,,,,,,,,,,,,,,,,,,HTTP 404 에러
,,,,,,,,,,,,,,,,,,,,,HTTP 404 에러
,,,,,,,,,,,,,,,,,,,,,HTTP 404 에러
,,,,,,,,,,,,,,,,,,,,,HTTP 404 에러
,,,,,,,,,,,,,,,,,,,,,HTTP 404 에러
,,,,,,,,,,,,,,,,,,,,,HTTP 404 에러
,,,,,,,,,,,,,,,,,,,,,HTTP 404 에러
,,,,,,,,,,,,,,,,,,,,,HTTP 404 에러
,,,,,,,,,,,,,,,,,,,,,HTTP 404 에러
,,,,,,,,,,,,,,,,,,,,,HTTP 404 에러
,,,,,,,,,,,,,,,,,,,,,HTTP 404 에러
,,,,,,,,,,,,,,,,,,,,,HTTP 404 에러
,,,,,,,,,,,,,,,,,,,,,HTTP 404 에러
,,,,,,,,,,,,,,,,,,,,,HTTP 404 에러
,,,,,,,,,,,,,,,,,,,,,HTTP 404 에러
,,,,,,,,,,,,,,,,,,,,,HTTP 404 에러
,,,,,,,,,,,,,,,,,,,,,HTTP 404 에러
,,,,,,,,,,,,,,,,,,,,,HTTP 404 에러
,,,,,,,,,,,,,,,,,,,,,HTTP 404 에러
,,,,,,,,,,,,,,,,,,,,,HTTP 404 에러
,,,,,,,,,,,,,,,,,,,,,HTTP 404 에러
,,,,,,,,,,,,,,,,,,,,,HTTP 404 에러
,,,,,,,,,,,,,,,,,,,,,HTTP 404 에러
,,,,,,,,,,,,,,,,,,,,,HTTP 404 에러
,,,,,,,,,,,,,,,,,,,,,HTTP 404 에러
,,,,,,,,,,,,,,,,,,,,,HTTP 404 에러
,,,,,,,,,,,,,,,,,,,,,HTTP 404 에러
,,,,,,,,,,,,,,,,,,,,,HTTP 404 에러
,,,,,,,,,,,,,,,,,,,,,HTTP 404 에러
,,,,,,,,,,,,,,,,,,,,,HTTP 404 에러
,,,,,,,,,,,,,,,,,,,,,HTTP 404 에러
,,,,,,,,,,,,,,,,,,,,,HTTP 404 에러
,,,,,,,,,,,,,,,,,,,,,HTTP 404 에러
,,,,,,,,,,,,,,,,,,,,,HTTP 404 에러
,,,,,,,,,,,,,,,,,,,,,HTTP 404 에러
,,,,,,,,,,,,,,,,,,,,,HTTP 404 에러
,,,,,,,,,,,,,,,,,,,,,HTTP 404 에러
,,,,,,,,,,,,,,,,,,,,,HTTP 404 에러
,,,,,,,,,,,,,,,,,,,,,HTTP 404 에러
,,,,,,,,,,,,,,,,,,,,,HTTP 404 에러
,,,,,,,,,,,,,,,,,,,,,HTTP 404 에러
,,,,,,,,,,,,,,,,,,,,,HTTP 404 에러
,,,,,,,,,,,,,,,,,,,,,HTTP 404 에러
,,,,,,,,,,,,,,,,,,,,,HTTP 404 에러
,,,,,,,,,,,,,,,,,,,,,HTTP 404 에러
,,,,,,,,,,,,,,,,,,,,,HTTP 404 에러
,,,,,,,,,,,,,,,,,,,,,HTTP 404 에러
,,,,,,,,,,,,,,,,,,,,,HTTP 404 에러
,,,,,,,,,,,,,,,,,,,,,HTTP 404 에러
,,,,,,,,,,,,,,,,,,,,,HTTP 404 에러
,,,,,,,,,,,,,,,,,,,,,HTTP 404 에러
,,,,,,,,,,,,,,,,,,,,,HTTP 404 에러
,,,,,,,,,,,,,,,,,,,,,HTTP 404 에러
,,,,,,,,,,,,,,,,,,,,,HTTP 404 에러
,,,,,,,,,,,,,,,,,,,,,HTTP 404 에러
,,,,,,,,,,,,,,,,,,,,,HTTP 404 에러
,,,,,,,,,,,,,,,,,,,,,HTTP 404 에러
,,,,,,,,,,,,,,,,,,,,,HTTP 404 에러
,,,,,,,,,,,,,,,,,,,,,HTTP 404 에러
,,,,,,,,,,,,,,,,,,,,,HTTP 404 에러
,,,,,,,,,,,,,,,,,,,,,HTTP 404 에러
,,,,,,,,,,,,,,,,,,,,,HTTP 404 에러
,,,,,,,,,,,,,,,,,,,,,HTTP 404 에러
,,,,,,,,,,,,,,,,,,,,,HTTP 404 에러
,,,,,,,,,,,,,,,,,,,,,HTTP 404 에러
,,,,,,,,,,,,,,,,,,,,,HTTP 404 에러
,,,,,,,,,,,,,,,,,,,,,HTTP 404 에러
,,,,,,,,,,,,,,,,,,,,,HTTP 404 에러
,,,,,,,,,,,,,,,,,,,,,HTTP 404 에러
,,,,,,,,,,,,,,,,,,,,,HTTP 404 에러
,,,,,,,,,,,,,,,,,,,,,HTTP 404 에러
,,,,,,,,,,,,,,,,,,,,,HTTP 404 에러
,,,,,,,,,,,,,,,,,,,,,HTTP 404 에러
,,,,,,,,,,,,,,,,,,,,,HTTP 404 에러
,,,,,,,,,,,,,,,,,,,,,HTTP 404 에러
,,,,,,,,,,,,,,,,,,,,,HTTP 404 에러
,,,,,,,,,,,,,,,,,,,,,HTTP 404 에러
,,,,,,,,,,,,,,,,,,,,,HTTP 404 에러
,,,,,,,,,,,,,,,,,,,,,HTTP 404 에러
,,,,,,,,,,,,,,,,,,,,,HTTP 404 에러
,,,,,,,,,,,,,,,,,,,,,HTTP 404 에러
,,,,,,,,,,,,,,,,,,,,,HTTP 404 에러
,,,,,,,,,,,,,,,,,,,,,HTTP 404 에러
,,,,,,,,,,,,,,,,,,,,,HTTP 404 에러
,,,,,,,,,,,,,,,,,,,,,HTTP 404 에러
,,,,,,,,,,,,,,,,,,,,,HTTP 404 에러
,,,,,,,,,,,,,,,,,,,,,HTTP 404 에러
,,,,,,,,,,,,,,,,,,,,,HTTP 404 에러
,,,,,,,,,,,,,,,,,,,,,HTTP 404 에러
,,,,,,,,,,,,,,,,,,,,,HTTP 404 에러
,,,,,,,,,,,,,,,,,,,,,HTTP 404 에러
,,,,,,,,,,,,,,,,,,,,,HTTP 404 에러
,,,,,,,,,,,,,,,,,,,,,HTTP 404 에러
,,,,,,,,,,,,,,,,,,,,,HTTP 404 에러
,,,,,,,,,,,,,,,,,,,,,HTTP 404 에러
,,,,,,,,,,,,,,,,,,,,,HTTP 404 에러
,,,,,,,,,,,,,,,,,,,,,HTTP 404 에러
,,,,,,,,,,,,,,,,,,,,,HTTP 404 에러
,,,,,,,,,,,,,,,,,,,,,HTTP 404 에러
,,,,,,,,,,,,,,,,,,,,,HTTP 404 에러
,,,,,,,,,,,,,,,,,,,,,HTTP 404 에러
,,,,,,,,,,,,,,,,,,,,,HTTP 404 에러
,,,,,,,,,,,,,,,,,,,,,HTTP 404 에러
,,,,,,,,,,,,,,,,,,,,,HTTP 404 에러
,,,,,,,,,,,,,,,,,,,,,HTTP 404 에러
,,,,,,,,,,,,,,,,,,,,,HTTP 404 에러
,,,,,,,,,,,,,,,,,,,,,HTTP 404 에러
,,,,,,,,,,,,,,,,,,,,,HTTP 404 에러
,,,,,,,,,,,,,,,,,,,,,HTTP 404 에러
,,,,,,,,,,,,,,,,,,,,,HTTP 404 에러
,,,,,,,,,,,,,,,,,,,,,HTTP 404 에러
,,,,,,,,,,,,,,,,,,,,,HTTP 404 에러
,,,,,,,,,,,,,,,,,,,,,HTTP 404 에러
,,,,,,,,,,,,,,,,,,,,,HTTP 404 에러
,,,,,,,,,,,,,,,,,,,,,HTTP 404 에러
,,,,,,,,,,,,,,,,,,,,,HTTP 404 에러
,,,,,,,,,,,,,,,,,,,,,HTTP 404 에러
,,,,,,,,,,,,,,,,,,,,,HTTP 404 에러
,,,,,,,,,,,,,,,,,,,,,HTTP 404 에러
,,,,,,,,,,,,,,,,,,,,,HTTP 404 에러
,,,,,,,,,,,,,,,,,,,,,HTTP 404 에러
,,,,,,,,,,,,,,,,,,,,,HTTP 404 에러
,,,,,,,,,,,,,,,,,,,,,HTTP 404 에러
,,,,,,,,,,,,,,,,,,,,,HTTP 404 에러
,,,,,,,,,,,,,,,,,,,,,HTTP 404 에러
,,,,,,,,,,,,,,,,,,,,,HTTP 404 에러
,,,,,,,,,,,,,,,,,,,,,HTTP 404 에러
,,,,,,,,,,,,,,,,,,,,,HTTP 404 에러
,,,,,,,,,,,,,,,,,,,,,HTTP 404 에러
,,,,,,,,,,,,,,,,,,,,,HTTP 404 에러
,,,,,,,,,,,,,,,,,,,,,HTTP 404 에러
,,,,,,,,,,,,,,,,,,,,,HTTP 404 에러
,,,,,,,,,,,,,,,,,,,,,HTTP 404 에러
,,,,,,,,,,,,,,,,,,,,,HTTP 404 에러
,,,,,,,,,,,,,,,,,,,,,HTTP 404 에러
,,,,,,,,,,,,,,,,,,,,,HTTP 404 에러
,,,,,,,,,,,,,,,,,,,,,HTTP 404 에러
,,,,,,,,,,,,,,,,,,,,,HTTP 404 에러
,,,,,,,,,,,,,,,,,,,,,HTTP 404 에러
,,,,,,,,,,,,,,,,,,,,,HTTP 404 에러
,,,,,,,,,,,,,,,,,,,,,HTTP 404 에러
,,,,,,,,,,,,,,,,,,,,,HTTP 404 에러
,,,,,,,,,,,,,,,,,,,,,HTTP 404 에러
,,,,,,,,,,,,,,,,,,,,,HTTP 404 에러
,,,,,,,,,,,,,,,,,,,,,HTTP 404 에러
,,,,,,,,,,,,,,,,,,,,,HTTP 404 에러
,,,,,,,,,,,,,,,,,,,,,HTTP 404 에러
,,,,,,,,,,,,,,,,,,,,,HTTP 404 에러
,,,,,,,,,,,,,,,,,,,,,HTTP 404 에러
,,,,,,,,,,,,,,,,,,,,,HTTP 404 에러
,,,,,,,,,,,,,,,,,,,,,HTTP 404 에러
,,,,,,,,,,,,,,,,,,,,,HTTP 404 에러
,,,,,,,,,,,,,,,,,,,,,HTTP 404 에러
,,,,,,,,,,,,,,,,,,,,,HTTP 404 에러
,,,,,,,,,,,,,,,,,,,,,HTTP 404 에러
,,,,,,,,,,,,,,,,,,,,,HTTP 404 에러
,,,,,,,,,,,,,,,,,,,,,HTTP 404 에러
,,,,,,,,,,,,,,,,,,,,,HTTP 404 에러
,,,,,,,,,,,,,,,,,,,,,HTTP 404 에러
,,,,,,,,,,,,,,,,,,,,,HTTP 404 에러
,,,,,,,,,,,,,,,,,,,,,HTTP 404 에러
,,,,,,,,,,,,,,,,,,,,,HTTP 404 에러
,,,,,,,,,,,,,,,,,,,,,HTTP 404 에러
,,,,,,,,,,,,,,,,,,,,,HTTP 404 에러
,,,,,,,,,,,,,,,,,,,,,HTTP 404 에러
,,,,,,,,,,,,,,,,,,,,,HTTP 404 에러
,,,,,,,,,,,,,,,,,,,,,HTTP 404 에러
,,,,,,,,,,,,,,,,,,,,,HTTP 404 에러
,,,,,,,,,,,,,,,,,,,,,HTTP 404 에러
,,,,,,,,,,,,,,,,,,,,,HTTP 404 에러
,,,,,,,,,,,,,,,,,,,,,HTTP 404 에러
,,,,,,,,,,,,,,,,,,,,,HTTP 404 에러
,,,,,,,,,,,,,,,,,,,,,HTTP 404 에러
,,,,,,,,,,,,,,,,,,,,,HTTP 404 에러
,,,,,,,,,,,,,,,,,,,,,HTTP 404 에러
,,,,,,,,,,,,,,,,,,,,,HTTP 404 에러
,,,,,,,,,,,,,,,,,,,,,HTTP 404 에러
,,,,,,,,,,,,,,,,,,,,,HTTP 404 에러
,,,,,,,,,,,,,,,,,,,,,HTTP 404 에러
,,,,,,,,,,,,,,,,,,,,,HTTP 404 에러
,,,,,,,,,,,,,,,,,,,,,HTTP 404 에러
,,,,,,,,,,,,,,,,,,,,,HTTP 404 에러
,,,,,,,,,,,,,,,,,,,,,HTTP 404 에러
,,,,,,,,,,,,,,,,,,,,,HTTP 404 에러
,,,,,,,,,,,,,,,,,,,,,HTTP 404 에러
,,,,,,,,,,,,,,,,,,,,,HTTP 404 에러
,,,,,,,,,,,,,,,,,,,,,HTTP 404 에러
,,,,,,,,,,,,,,,,,,,,,HTTP 404 에러
,,,,,,,,,,,,,,,,,,,,,HTTP 404 에러
,,,,,,,,,,,,,,,,,,,,,HTTP 404 에러
,,,,,,,,,,,,,,,,,,,,,HTTP 404 에러
,,,,,,,,,,,,,,,,,,,,,HTTP 404 에러
,,,,,,,,,,,,,,,,,,,,,HTTP 404 에러
,,,,,,,,,,,,,,,,,,,,,HTTP 404 에러
,,,,,,,,,,,,,,,,,,,,,HTTP 404 에러
,,,,,,,,,,,,,,,,,,,,,HTTP 404 에러
,,,,,,,,,,,,,,,,,,,,,HTTP 404 에러
,,,,,,,,,,,,,,,,,,,,,HTTP 404 에러
,,,,,,,,,,,,,,,,,,,,,HTTP 404 에러
,,,,,,,,,,,,,,,,,,,,,HTTP 404 에러
,,,,,,,,,,,,,,,,,,,,,HTTP 404 에러
,,,,,,,,,,,,,,,,,,,,,HTTP 404 에러
,,,,,,,,,,,,,,,,,,,,,HTTP 404 에러
,,,,,,,,,,,,,,,,,,,,,HTTP 404 에러
,,,,,,,,,,,,,,,,,,,,,HTTP 404 에러
,,,,,,,,,,,,,,,,,,,,,HTTP 404 에러
,,,,,,,,,,,,,,,,,,,,,HTTP 404 에러
,,,,,,,,,,,,,,,,,,,,,HTTP 404 에러
,,,,,,,,,,,,,,,,,,,,,HTTP 404 에러
,,,,,,,,,,,,,,,,,,,,,HTTP 404 에러
,,,,,,,,,,,,,,,,,,,,,HTTP 404 에러
,,,,,,,,,,,,,,,,,,,,,HTTP 404 에러
,,,,,,,,,,,,,,,,,,,,,HTTP 404 에러
,,,,,,,,,,,,,,,,,,,,,HTTP 404 에러
,,,,,,,,,,,,,,,,,,,,,HTTP 404 에러
,,,,,,,,,,,,,,,,,,,,,HTTP 404 에러
,,,,,,,,,,,,,,,,,,,,,HTTP 404 에러
,,,,,,,,,,,,,,,,,,,,,HTTP 404 에러
,,,,,,,,,,,,,,,,,,,,,HTTP 404 에러
,,,,,,,,,,,,,,,,,,,,,HTTP 404 에러
,,,,,,,,,,,,,,,,,,,,,HTTP 404 에러
,,,,,,,,,,,,,,,,,,,,,HTTP 404 에러
,,,,,,,,,,,,,,,,,,,,,HTTP 404 에러
,,,,,,,,,,,,,,,,,,,,,HTTP 404 에러
,,,,,,,,,,,,,,,,,,,,,HTTP 404 에러
,,,,,,,,,,,,,,,,,,,,,HTTP 404 에러
,,,,,,,,,,,,,,,,,,,,,HTTP 404 에러
,,,,,,,,,,,,,,,,,,,,,HTTP 404 에러
,,,,,,,,,,,,,,,,,,,,,HTTP 404 에러
,,,,,,,,,,,,,,,,,,,,,HTTP 404 에러
,,,,,,,,,,,,,,,,,,,,,HTTP 404 에러
,,,,,,,,,,,,,,,,,,,,,HTTP 404 에러
,,,,,,,,,,,,,,,,,,,,,HTTP 404 에러
,,,,,,,,,,,,,,,,,,,,,HTTP 404 에러
,,,,,,,,,,,,,,,,,,,,,HTTP 404 에러
,,,,,,,,,,,,,,,,,,,,,HTTP 404 에러
,,,,,,,,,,,,,,,,,,,,,HTTP 404 에러
,,,,,,,,,,,,,,,,,,,,,HTTP 404 에러
,,,,,,,,,,,,,,,,,,,,,HTTP 404 에러
,,,,,,,,,,,,,,,,,,,,,HTTP 404 에러
,,,,,,,,,,,,,,,,,,,,,HTTP 404 에러
,,,,,,,,,,,,,,,,,,,,,HTTP 404 에러
,,,,,,,,,,,,,,,,,,,,,HTTP 404 에러
,,,,,,,,,,,,,,,,,,,,,HTTP 404 에러
,,,,,,,,,,,,,,,,,,,,,HTTP 404 에러
,,,,,,,,,,,,,,,,,,,,,HTTP 404 에러
,,,,,,,,,,,,,,,,,,,,,HTTP 404 에러
,,,,,,,,,,,,,,,,,,,,,HTTP 404 에러
,,,,,,,,,,,,,,,,,,,,,HTTP 404 에러
,,,,,,,,,,,,,,,,,,,,,HTTP 404 에러
,,,,,,,,,,,,,,,,,,,,,HTTP 404 에러
,,,,,,,,,,,,,,,,,,,,,HTTP 404 에러
,,,,,,,,,,,,,,,,,,,,,HTTP 404 에러
,,,,,,,,,,,,,,,,,,,,,HTTP 404 에러
,,,,,,,,,,,,,,,,,,,,,HTTP 404 에러
,,,,,,,,,,,,,,,,,,,,,HTTP 404 에러
,,,,,,,,,,,,,,,,,,,,,HTTP 404 에러
,,,,,,,,,,,,,,,,,,,,,HTTP 404 에러
,,,,,,,,,,,,,,,,,,,,,HTTP 404 에러
,,,,,,,,,,,,,,,,,,,,,HTTP 404 에러
,,,,,,,,,,,,,,,,,,,,,HTTP 404 에러
,,,,,,,,,,,,,,,,,,,,,HTTP 404 에러
,,,,,,,,,,,,,,,,,,,,,HTTP 404 에러
,,,,,,,,,,,,,,,,,,,,,HTTP 404 에러
,,,,,,,,,,,,,,,,,,,,,HTTP 404 에러
,,,,,,,,,,,,,,,,,,,,,HTTP 404 에러
,,,,,,,,,,,,,,,,,,,,,HTTP 404 에러
,,,,,,,,,,,,,,,,,,,,,HTTP 404 에러
,,,,,,,,,,,,,,,,,,,,,HTTP 404 에러
,,,,,,,,,,,,,,,,,,,,,HTTP 404 에러
,,,,,,,,,,,,,,,,,,,,,HTTP 404 에러
,,,,,,,,,,,,,,,,,,,,,HTTP 404 에러
,,,,,,,,,,,,,,,,,,,,,HTTP 404 에러
,,,,,,,,,,,,,,,,,,,,,HTTP 404 에러
,,,,,,,,,,,,,,,,,,,,,HTTP 404 에러
,,,,,,,,,,,,,,,,,,,,,HTTP 404 에러
,,,,,,,,,,,,,,,,,,,,,HTTP 404 에러
,,,,,,,,,,,,,,,,,,,,,HTTP 404 에러
,,,,,,,,,,,,,,,,,,,,,HTTP 404 에러
,,,,,,,,,,,,,,,,,,,,,HTTP 404 에러
,,,,,,,,,,,,,,,,,,,,,HTTP 404 에러
,,,,,,,,,,,,,,,,,,,,,HTTP 404 에러
,,,,,,,,,,,,,,,,,,,,,HTTP 404 에러
,,,,,,,,,,,,,,,,,,,,,HTTP 404 에러
,,,,,,,,,,,,,,,,,,,,,HTTP 404 에러
,,,,,,,,,,,,,,,,,,,,,HTTP 404 에러
,,,,,,,,,,,,,,,,,,,,,HTTP 404 에러
,,,,,,,,,,,,,,,,,,,,,HTTP 404 에러
,,,,,,,,,,,,,,,,,,,,,HTTP 404 에러
,,,,,,,,,,,,,,,,,,,,,HTTP 404 에러
,,,,,,,,,,,,,,,,,,,,,HTTP 404 에러
,,,,,,,,,,,,,,,,,,,,,HTTP 404 에러
,,,,,,,,,,,,,,,,,,,,,HTTP 404 에러
,,,,,,,,,,,,,,,,,,,,,HTTP 404 에러
,,,,,,,,,,,,,,,,,,,,,HTTP 404 에러
,,,,,,,,,,,,,,,,,,,,,HTTP 404 에러
,,,,,,,,,,,,,,,,,,,,,HTTP 404 에러
,,,,,,,,,,,,,,,,,,,,,HTTP 404 에러
,,,,,,,,,,,,,,,,,,,,,HTTP 404 에러
,,,,,,,,,,,,,,,,,,,,,HTTP 404 에러
,,,,,,,,,,,,,,,,,,,,,HTTP 404 에러
,,,,,,,,,,,,,,,,,,,,,HTTP 404 에러
,,,,,,,,,,,,,,,,,,,,,HTTP 404 에러
,,,,,,,,,,,,,,,,,,,,,HTTP 404 에러
,,,,,,,,,,,,,,,,,,,,,HTTP 404 에러
,,,,,,,,,,,,,,,,,,,,,HTTP 404 에러
,,,,,,,,,,,,,,,,,,,,,HTTP 404 에러
,,,,,,,,,,,,,,,,,,,,,HTTP 404 에러
,,,,,,,,,,,,,,,,,,,,,HTTP 404 에러
,,,,,,,,,,,,,,,,,,,,,HTTP 404 에러
,,,,,,,,,,,,,,,,,,,,,HTTP 404 에러
,,,,,,,,,,,,,,,,,,,,,HTTP 404 에러
,,,,,,,,,,,,,,,,,,,,,HTTP 404 에러
,,,,,,,,,,,,,,,,,,,,,HTTP 404 에러
,,,,,,,,,,,,,,,,,,,,,HTTP 404 에러
,,,,,,,,,,,,,,,,,,,,,HTTP 404 에러
,,,,,,,,,,,,,,,,,,,,,HTTP 404 에러
,,,,,,,,,,,,,,,,,,,,,HTTP 404 에러
,,,,,,,,,,,,,,,,,,,,,HTTP 404 에러
,,,,,,,,,,,,,,,,,,,,,HTTP 404 에러
,,,,,,,,,,,,,,,,,,,,,HTTP 404 에러
,,,,,,,,,,,,,,,,,,,,,HTTP 404 에러
,,,,,,,,,,,,,,,,,,,,,HTTP 404 에러
,,,,,,,,,,,,,,,,,,,,,HTTP 404 에러
,,,,,,,,,,,,,,,,,,,,,HTTP 404 에러
,,,,,,,,,,,,,,,,,,,,,HTTP 404 에러
,,,,,,,,,,,,,,,,,,,,,HTTP 404 에러
,,,,,,,,,,,,,,,,,,,,,HTTP 404 에러
,,,,,,,,,,,,,,,,,,,,,HTTP 404 에러
,,,,,,,,,,,,,,,,,,,,,HTTP 404 에러
,,,,,,,,,,,,,,,,,,,,,HTTP 404 에러
,,,,,,,,,,,,,,,,,,,,,HTTP 404 에러
,,,,,,,,,,,,,,,,,,,,,HTTP 404 에러
,,,,,,,,,,,,,,,,,,,,,HTTP 404 에러
,,,,,,,,,,,,,,,,,,,,,HTTP 404 에러
,,,,,,,,,,,,,,,,,,,,,HTTP 404 에러
,,,,,,,,,,,,,,,,,,,,,HTTP 404 에러
,,,,,,,,,,,,,,,,,,,,,HTTP 404 에러
,,,,,,,,,,,,,,,,,,,,,HTTP 404 에러
,,,,,,,,,,,,,,,,,,,,,HTTP 404 에러
,,,,,,,,,,,,,,,,,,,,,HTTP 404 에러
,,,,,,,,,,,,,,,,,,,,,HTTP 404 에러
,,,,,,,,,,,,,,,,,,,,,HTTP 404 에러
,,,,,,,,,,,,,,,,,,,,,HTTP 404 에러
,,,,,,,,,,,,,,,,,,,,,HTTP 404 에러
,,,,,,,,,,,,,,,,,,,,,HTTP 404 에러
,,,,,,,,,,,,,,,,,,,,,HTTP 404 에러
,,,,,,,,,,,,,,,,,,,,,HTTP 404 에러
,,,,,,,,,,,,,,,,,,,,,HTTP 404 에러
,,,,,,,,,,,,,,,,,,,,,HTTP 404 에러
,,,,,,,,,,,,,,,,,,,,,HTTP 404 에러
,,,,,,,,,,,,,,,,,,,,,HTTP 404 에러
,,,,,,,,,,,,,,,,,,,,,HTTP 404 에러
,,,,,,,,,,,,,,,,,,,,,HTTP 404 에러
,,,,,,,,,,,,,,,,,,,,,HTTP 404 에러
,,,,,,,,,,,,,,,,,,,,,HTTP 404 에러
,,,,,,,,,,,,,,,,,,,,,HTTP 404 에러
,,,,,,,,,,,,,,,,,,,,,HTTP 404 에러
,,,,,,,,,,,,,,,,,,,,,HTTP 404 에러
,,,,,,,,,,,,,,,,,,,,,HTTP 404 에러
,,,,,,,,,,,,,,,,,,,,,HTTP 404 에러
,,,,,,,,,,,,,,,,,,,,,HTTP 404 에러
,,,,,,,,,,,,,,,,,,,,,HTTP 404 에러
,,,,,,,,,,,,,,,,,,,,,HTTP 404 에러
,,,,,,,,,,,,,,,,,,,,,HTTP 404 에러
,,,,,,,,,,,,,,,,,,,,,HTTP 404 에러
,,,,,,,,,,,,,,,,,,,,,HTTP 404 에러
,,,,,,,,,,,,,,,,,,,,,HTTP 404 에러
,,,,,,,,,,,,,,,,,,,,,HTTP 404 에러
,,,,,,,,,,,,,,,,,,,,,HTTP 404 에러
,,,,,,,,,,,,,,,,,,,,,HTTP 404 에러
,,,,,,,,,,,,,,,,,,,,,HTTP 404 에러
,,,,,,,,,,,,,,,,,,,,,HTTP 404 에러
,,,,,,,,,,,,,,,,,,,,,HTTP 404 에러
,,,,,,,,,,,,,,,,,,,,,HTTP 404 에러
,,,,,,,,,,,,,,,,,,,,,HTTP 404 에러
,,,,,,,,,,,,,,,,,,,,,HTTP 404 에러
,,,,,,,,,,,,,,,,,,,,,HTTP 404 에러
,,,,,,,,,,,,,,,,,,,,,HTTP 404 에러
,,,,,,,,,,,,,,,,,,,,,HTTP 404 에러
,,,,,,,,,,,,,,,,,,,,,HTTP 404 에러
,,,,,,,,,,,,,,,,,,,,,HTTP 404 에러
,,,,,,,,,,,,,,,,,,,,,HTTP 404 에러
,,,,,,,,,,,,,,,,,,,,,HTTP 404 에러
,,,,,,,,,,,,,,,,,,,,,HTTP 404 에러
,,,,,,,,,,,,,,,,,,,,,HTTP 404 에러
,,,,,,,,,,,,,,,,,,,,,HTTP 404 에러
,,,,,,,,,,,,,,,,,,,,,HTTP 404 에러
,,,,,,,,,,,,,,,,,,,,,HTTP 404 에러
,,,,,,,,,,,,,,,,,,,,,HTTP 404 에러
,,,,,,,,,,,,,,,,,,,,,HTTP 404 에러
,,,,,,,,,,,,,,,,,,,,,HTTP 404 에러
,,,,,,,,,,,,,,,,,,,,,HTTP 404 에러
,,,,,,,,,,,,,,,,,,,,,HTTP 404 에러
,,,,,,,,,,,,,,,,,,,,,HTTP 404 에러
,,,,,,,,,,,,,,,,,,,,,HTTP 404 에러
,,,,,,,,,,,,,,,,,,,,,HTTP 404 에러
,,,,,,,,,,,,,,,,,,,,,HTTP 404 에러
,,,,,,,,,,,,,,,,,,,,,HTTP 404 에러
,,,,,,,,,,,,,,,,,,,,,HTTP 404 에러
,,,,,,,,,,,,,,,,,,,,,HTTP 404 에러
,,,,,,,,,,,,,,,,,,,,,HTTP 404 에러
,,,,,,,,,,,,,,,,,,,,,HTTP 404 에러
,,,,,,,,,,,,,,,,,,,,,HTTP 404 에러
,,,,,,,,,,,,,,,,,,,,,HTTP 404 에러
,,,,,,,,,,,,,,,,,,,,,HTTP 404 에러
,,,,,,,,,,,,,,,,,,,,,HTTP 404 에러
,,,,,,,,,,,,,,,,,,,,,HTTP 404 에러
,,,,,,,,,,,,,,,,,,,,,HTTP 404 에러
,,,,,,,,,,,,,,,,,,,,,HTTP 404 에러
,,,,,,,,,,,,,,,,,,,,,HTTP 404 에러
,,,,,,,,,,,,,,,,,,,,,HTTP 404 에러
,,,,,,,,,,,,,,,,,,,,,HTTP 404 에러
,,,,,,,,,,,,,,,,,,,,,HTTP 404 에러
,,,,,,,,,,,,,,,,,,,,,HTTP 404 에러
,,,,,,,,,,,,,,,,,,,,,HTTP 404 에러
,,,,,,,,,,,,,,,,,,,,,HTTP 404 에러
,,,,,,,,,,,,,,,,,,,,,HTTP 404 에러
,,,,,,,,,,,,,,,,,,,,,HTTP 404 에러
,,,,,,,,,,,,,,,,,,,,,HTTP 404 에러
,,,,,,,,,,,,,,,,,,,,,HTTP 404 에러
,,,,,,,,,,,,,,,,,,,,,HTTP 404 에러
,,,,,,,,,,,,,,,,,,,,,HTTP 404 에러
,,,,,,,,,,,,,,,,,,,,,HTTP 404 에러
,,,,,,,,,,,,,,,,,,,,,HTTP 404 에러
,,,,,,,,,,,,,,,,,,,,,HTTP 404 에러
,,,,,,,,,,,,,,,,,,,,,HTTP 404 에러
,,,,,,,,,,,,,,,,,,,,,HTTP 404 에러
,,,,,,,,,,,,,,,,,,,,,HTTP 404 에러
,,,,,,,,,,,,,,,,,,,,,HTTP 404 에러
,,,,,,,,,,,,,,,,,,,,,HTTP 404 에러
,,,,,,,,,,,,,,,,,,,,,HTTP 404 에러
,,,,,,,,,,,,,,,,,,,,,HTTP 404 에러
,,,,,,,,,,,,,,,,,,,,,HTTP 404 에러
,,,,,,,,,,,,,,,,,,,,,HTTP 404 에러
,,,,,,,,,,,,,,,,,,,,,HTTP 404 에러
,,,,,,,,,,,,,,,,,,,,,HTTP 404 에러
,,,,,,,,,,,,,,,,,,,,,HTTP 404 에러
,,,,,,,,,,,,,,,,,,,,,HTTP 404 에러
,,,,,,,,,,,,,,,,,,,,,HTTP 404 에러
,,,,,,,,,,,,,,,,,,,,,HTTP 404 에러
,,,,,,,,,,,,,,,,,,,,,HTTP 404 에러
,,,,,,,,,,,,,,,,,,,,,HTTP 404 에러
,,,,,,,,,,,,,,,,,,,,,HTTP 404 에러
,,,,,,,,,,,,,,,,,,,,,HTTP 404 에러
,,,,,,,,,,,,,,,,,,,,,HTTP 404 에러
,,,,,,,,,,,,,,,,,,,,,HTTP 404 에러
,,,,,,,,,,,,,,,,,,,,,HTTP 404 에러
,,,,,,,,,,,,,,,,,,,,,HTTP 404 에러
,,,,,,,,,,,,,,,,,,,,,HTTP 404 에러
,,,,,,,,,,,,,,,,,,,,,HTTP 404 에러
,,,,,,,,,,,,,,,,,,,,,HTTP 404 에러
,,,,,,,,,,,,,,,,,,,,,HTTP 404 에러
,,,,,,,,,,,,,,,,,,,,,HTTP 404 에러
,,,,,,,,,,,,,,,,,,,,,HTTP 404 에러
,,,,,,,,,,,,,,,,,,,,,HTTP 404 에러
,,,,,,,,,,,,,,,,,,,,,HTTP 404 에러
,,,,,,,,,,,,,,,,,,,,,HTTP 404 에러
,,,,,,,,,,,,,,,,,,,,,HTTP 404 에러
,,,,,,,,,,,,,,,,,,,,,HTTP 404 에러
,,,,,,,,,,,,,,,,,,,,,HTTP 404 에러
,,,,,,,,,,,,,,,,,,,,,HTTP 404 에러
,,,,,,,,,,,,,,,,,,,,,HTTP 404 에러
,,,,,,,,,,,,,,,,,,,,,HTTP 404 에러
,,,,,,,,,,,,,,,,,,,,,HTTP 404 에러
,,,,,,,,,,,,,,,,,,,,,HTTP 404 에러
,,,,,,,,,,,,,,,,,,,,,HTTP 404 에러
,,,,,,,,,,,,,,,,,,,,,HTTP 404 에러
,,,,,,,,,,,,,,,,,,,,,HTTP 404 에러
,,,,,,,,,,,,,,,,,,,,,HTTP 404 에러
,,,,,,,,,,,,,,,,,,,,,HTTP 404 에러
,,,,,,,,,,,,,,,,,,,,,HTTP 404 에러
,,,,,,,,,,,,,,,,,,,,,HTTP 404 에러
,,,,,,,,,,,,,,,,,,,,,HTTP 404 에러
,,,,,,,,,,,,,,,,,,,,,HTTP 404 에러
,,,,,,,,,,,,,,,,,,,,,HTTP 404 에러
,,,,,,,,,,,,,,,,,,,,,HTTP 404 에러
,,,,,,,,,,,,,,,,,,,,,HTTP 404 에러
,,,,,,,,,,,,,,,,,,,,,HTTP 404 에러
,,,,,,,,,,,,,,,,,,,,,HTTP 404 에러
,,,,,,,,,,,,,,,,,,,,,HTTP 404 에러
,,,,,,,,,,,,,,,,,,,,,HTTP 404 에러
,,,,,,,,,,,,,,,,,,,,,HTTP 404 에러
,,,,,,,,,,,,,,,,,,,,,HTTP 404 에러
,,,,,,,,,,,,,,,,,,,,,HTTP 404 에러
,,,,,,,,,,,,,,,,,,,,,HTTP 404 에러
,,,,,,,,,,,,,,,,,,,,,HTTP 404 에러
,,,,,,,,,,,,,,,,,,,,,HTTP 404 에러
,,,,,,,,,,,,,,,,,,,,,HTTP 404 에러
,,,,,,,,,,,,,,,,,,,,,HTTP 404 에러
,,,,,,,,,,,,,,,,,,,,,HTTP 404 에러
,,,,,,,,,,,,,,,,,,,,,HTTP 404 에러
,,,,,,,,,,,,,,,,,,,,,HTTP 404 에러
,,,,,,,,,,,,,,,,,,,,,HTTP 404 에러
,,,,,,,,,,,,,,,,,,,,,HTTP 404 에러
,,,,,,,,,,,,,,,,,,,,,HTTP 404 에러
,,,,,,,,,,,,,,,,,,,,,HTTP 404 에러
,,,,,,,,,,,,,,,,,,,,,HTTP 404 에러
,,,,,,,,,,,,,,,,,,,,,HTTP 404 에러
,,,,,,,,,,,,,,,,,,,,,HTTP 404 에러
,,,,,,,,,,,,,,,,,,,,,HTTP 404 에러
,,,,,,,,,,,,,,,,,,,,,HTTP 404 에러
,,,,,,,,,,,,,,,,,,,,,HTTP 404 에러
,,,,,,,,,,,,,,,,,,,,,HTTP 404 에러
,,,,,,,,,,,,,,,,,,,,,HTTP 404 에러
,,,,,,,,,,,,,,,,,,,,,HTTP 404 에러
,,,,,,,,,,,,,,,,,,,,,HTTP 404 에러
,,,,,,,,,,,,,,,,,,,,,HTTP 404 에러
,,,,,,,,,,,,,,,,,,,,,HTTP 404 에러
,,,,,,,,,,,,,,,,,,,,,HTTP 404 에러
,,,,,,,,,,,,,,,,,,,,,HTTP 404 에러
,,,,,,,,,,,,,,,,,,,,,HTTP 404 에러
,,,,,,,,,,,,,,,,,,,,,HTTP 404 에러
,,,,,,,,,,,,,,,,,,,,,HTTP 404 에러
,,,,,,,,,,,,,,,,,,,,,HTTP 404 에러
,,,,,,,,,,,,,,,,,,,,,HTTP 404 에러
,,,,,,,,,,,,,,,,,,,,,HTTP 404 에러
,,,,,,,,,,,,,,,,,,,,,HTTP 404 에러
,,,,,,,,,,,,,,,,,,,,,HTTP 404 에러
,,,,,,,,,,,,,,,,,,,,,HTTP 404 에러
,,,,,,,,,,,,,,,,,,,,,HTTP 404 에러
,,,,,,,,,,,,,,,,,,,,,HTTP 404 에러
,,,,,,,,,,,,,,,,,,,,,HTTP 404 에러
,,,,,,,,,,,,,,,,,,,,,HTTP 404 에러
,,,,,,,,,,,,,,,,,,,,,HTTP 404 에러
,,,,,,,,,,,,,,,,,,,,,HTTP 404 에러
,,,,,,,,,,,,,,,,,,,,,HTTP 404 에러
,,,,,,,,,,,,,,,,,,,,,HTTP 404 에러
,,,,,,,,,,,,,,,,,,,,,HTTP 404 에러
,,,,,,,,,,,,,,,,,,,,,HTTP 404 에러
,,,,,,,,,,,,,,,,,,,,,HTTP 404 에러
,,,,,,,,,,,,,,,,,,,,,HTTP 404 에러
,,,,,,,,,,,,,,,,,,,,,HTTP 404 에러
,,,,,,,,,,,,,,,,,,,,,HTTP 404 에러
,,,,,,,,,,,,,,,,,,,,,HTTP 404 에러
,,,,,,,,,,,,,,,,,,,,,HTTP 404 에러
,,,,,,,,,,,,,,,,,,,,,HTTP 404 에러
,,,,,,,,,,,,,,,,,,,,,HTTP 404 에러
,,,,,,,,,,,,,,,,,,,,,HTTP 404 에러
,,,,,,,,,,,,,,,,,,,,,HTTP 404 에러
,,,,,,,,,,,,,,,,,,,,,HTTP 404 에러
,,,,,,,,,,,,,,,,,,,,,HTTP 404 에러
,,,,,,,,,,,,,,,,,,,,,HTTP 404 에러
,,,,,,,,,,,,,,,,,,,,,HTTP 404 에러
,,,,,,,,,,,,,,,,,,,,,HTTP 404 에러
,,,,,,,,,,,,,,,,,,,,,HTTP 404 에러
,,,,,,,,,,,,,,,,,,,,,HTTP 404 에러
,,,,,,,,,,,,,,,,,,,,,HTTP 404 에러
,,,,,,,,,,,,,,,,,,,,,HTTP 404 에러
,,,,,,,,,,,,,,,,,,,,,HTTP 404 에러
,,,,,,,,,,,,,,,,,,,,,HTTP 404 에러
,,,,,,,,,,,,,,,,,,,,,HTTP 404 에러
,,,,,,,,,,,,,,,,,,,,,HTTP 404 에러
,,,,,,,,,,,,,,,,,,,,,HTTP 404 에러
,,,,,,,,,,,,,,,,,,,,,HTTP 404 에러
,,,,,,,,,,,,,,,,,,,,,HTTP 404 에러
,,,,,,,,,,,,,,,,,,,,,HTTP 404 에러
,,,,,,,,,,,,,,,,,,,,,HTTP 404 에러
,,,,,,,,,,,,,,,,,,,,,HTTP 404 에러
,,,,,,,,,,,,,,,,,,,,,HTTP 404 에러
,,,,,,,,,,,,,,,,,,,,,HTTP 404 에러
,,,,,,,,,,,,,,,,,,,,,HTTP 404 에러
,,,,,,,,,,,,,,,,,,,,,HTTP 404 에러
,,,,,,,,,,,,,,,,,,,,,HTTP 404 에러
,,,,,,,,,,,,,,,,,,,,,HTTP 404 에러
,,,,,,,,,,,,,,,,,,,,,HTTP 404 에러
,,,,,,,,,,,,,,,,,,,,,HTTP 404 에러
,,,,,,,,,,,,,,,,,,,,,HTTP 404 에러
,,,,,,,,,,,,,,,,,,,,,HTTP 404 에러
,,,,,,,,,,,,,,,,,,,,,HTTP 404 에러
,,,,,,,,,,,,,,,,,,,,,HTTP 404 에러
,,,,,,,,,,,,,,,,,,,,,HTTP 404 에러
,,,,,,,,,,,,,,,,,,,,,HTTP 404 에러
,,,,,,,,,,,,,,,,,,,,,HTTP 404 에러
,,,,,,,,,,,,,,,,,,,,,HTTP 404 에러
,,,,,,,,,,,,,,,,,,,,,HTTP 404 에러
,,,,,,,,,,,,,,,,,,,,,HTTP 404 에러
,,,,,,,,,,,,,,,,,,,,,HTTP 404 에러
,,,,,,,,,,,,,,,,,,,,,HTTP 404 에러
,,,,,,,,,,,,,,,,,,,,,HTTP 404 에러
,,,,,,,,,,,,,,,,,,,,,HTTP 404 에러
,,,,,,,,,,,,,,,,,,,,,HTTP 404 에러
,,,,,,,,,,,,,,,,,,,,,HTTP 404 에러
,,,,,,,,,,,,,,,,,,,,,HTTP 404 에러
,,,,,,,,,,,,,,,,,,,,,HTTP 404 에러
,,,,,,,,,,,,,,,,,,,,,HTTP 404 에러
,,,,,,,,,,,,,,,,,,,,,HTTP 404 에러
,,,,,,,,,,,,,,,,,,,,,HTTP 404 에러
,,,,,,,,,,,,,,,,,,,,,HTTP 404 에러
,,,,,,,,,,,,,,,,,,,,,HTTP 404 에러
,,,,,,,,,,,,,,,,,,,,,HTTP 404 에러
,,,,,,,,,,,,,,,,,,,,,HTTP 404 에러
,,,,,,,,,,,,,,,,,,,,,HTTP 404 에러
,,,,,,,,,,,,,,,,,,,,,HTTP 404 에러
,,,,,,,,,,,,,,,,,,,,,HTTP 404 에러
,,,,,,,,,,,,,,,,,,,,,HTTP 404 에러
,,,,,,,,,,,,,,,,,,,,,HTTP 404 에러
,,,,,,,,,,,,,,,,,,,,,HTTP 404 에러
,,,,,,,,,,,,,,,,,,,,,HTTP 404 에러
,,,,,,,,,,,,,,,,,,,,,HTTP 404 에러
,,,,,,,,,,,,,,,,,,,,,HTTP 404 에러
,,,,,,,,,,,,,,,,,,,,,HTTP 404 에러
,,,,,,,,,,,,,,,,,,,,,HTTP 404 에러
,,,,,,,,,,,,,,,,,,,,,HTTP 404 에러
,,,,,,,,,,,,,,,,,,,,,HTTP 404 에러
,,,,,,,,,,,,,,,,,,,,,HTTP 404 에러
,,,,,,,,,,,,,,,,,,,,,HTTP 404 에러
,,,,,,,,,,,,,,,,,,,,,HTTP 404 에러
,,,,,,,,,,,,,,,,,,,,,HTTP 404 에러
,,,,,,,,,,,,,,,,,,,,,HTTP 404 에러
,,,,,,,,,,,,,,,,,,,,,HTTP 404 에러
,,,,,,,,,,,,,,,,,,,,,HTTP 404 에러
,,,,,,,,,,,,,,,,,,,,,HTTP 404 에러
,,,,,,,,,,,,,,,,,,,,,HTTP 404 에러
,,,,,,,,,,,,,,,,,,,,,HTTP 404 에러
,,,,,,,,,,,,,,,,,,,,,HTTP 404 에러
,,,,,,,,,,,,,,,,,,,,,HTTP 404 에러
,,,,,,,,,,,,,,,,,,,,,HTTP 404 에러
,,,,,,,,,,,,,,,,,,,,,HTTP 404 에러
,,,,,,,,,,,,,,,,,,,,,HTTP 404 에러
,,,,,,,,,,,,,,,,,,,,,HTTP 404 에러
,,,,,,,,,,,,,,,,,,,,,HTTP 404 에러
,,,,,,,,,,,,,,,,,,,,,HTTP 404 에러
,,,,,,,,,,,,,,,,,,,,,HTTP 404 에러
,,,,,,,,,,,,,,,,,,,,,HTTP 404 에러
,,,,,,,,,,,,,,,,,,,,,HTTP 404 에러
,,,,,,,,,,,,,,,,,,,,,HTTP 404 에러
,,,,,,,,,,,,,,,,,,,,,HTTP 404 에러
,,,,,,,,,,,,,,,,,,,,,HTTP 404 에러
,,,,,,,,,,,,,,,,,,,,,HTTP 404 에러
,,,,,,,,,,,,,,,,,,,,,HTTP 404 에러
,,,,,,,,,,,,,,,,,,,,,HTTP 404 에러
,,,,,,,,,,,,,,,,,,,,,HTTP 404 에러
,,,,,,,,,,,,,,,,,,,,,HTTP 404 에러
,,,,,,,,,,,,,,,,,,,,,HTTP 404 에러
,,,,,,,,,,,,,,,,,,,,,HTTP 404 에러
,,,,,,,,,,,,,,,,,,,,,HTTP 404 에러
,,,,,,,,,,,,,,,,,,,,,HTTP 404 에러
,,,,,,,,,,,,,,,,,,,,,HTTP 404 에러
,,,,,,,,,,,,,,,,,,,,,HTTP 404 에러
,,,,,,,,,,,,,,,,,,,,,HTTP 404 에러
,,,,,,,,,,,,,,,,,,,,,HTTP 404 에러
,,,,,,,,,,,,,,,,,,,,,HTTP 404 에러
,,,,,,,,,,,,,,,,,,,,,HTTP 404 에러
,,,,,,,,,,,,,,,,,,,,,HTTP 404 에러
,,,,,,,,,,,,,,,,,,,,,HTTP 404 에러
,,,,,,,,,,,,,,,,,,,,,HTTP 404 에러
,,,,,,,,,,,,,,,,,,,,,HTTP 404 에러
,,,,,,,,,,,,,,,,,,,,,HTTP 404 에러
,,,,,,,,,,,,,,,,,,,,,HTTP 404 에러
,,,,,,,,,,,,,,,,,,,,,HTTP 404 에러
,,,,,,,,,,,,,,,,,,,,,HTTP 404 에러
,,,,,,,,,,,,,,,,,,,,,HTTP 404 에러
,,,,,,,,,,,,,,,,,,,,,HTTP 404 에러
,,,,,,,,,,,,,,,,,,,,,HTTP 404 에러
,,,,,,,,,,,,,,,,,,,,,HTTP 404 에러
,,,,,,,,,,,,,,,,,,,,,HTTP 404 에러
,,,,,,,,,,,,,,,,,,,,,HTTP 404 에러
,,,,,,,,,,,,,,,,,,,,,HTTP 404 에러
,,,,,,,,,,,,,,,,,,,,,HTTP 404 에러
,,,,,,,,,,,,,,,,,,,,,HTTP 404 에러
,,,,,,,,,,,,,,,,,,,,,HTTP 404 에러
,,,,,,,,,,,,,,,,,,,,,HTTP 404 에러
,,,,,,,,,,,,,,,,,,,,,HTTP 404 에러
,,,,,,,,,,,,,,,,,,,,,HTTP 404 에러
,,,,,,,,,,,,,,,,,,,,,HTTP 404 에러
,,,,,,,,,,,,,,,,,,,,,HTTP 404 에러
,,,,,,,,,,,,,,,,,,,,,HTTP 404 에러
,,,,,,,,,,,,,,,,,,,,,HTTP 404 에러
,,,,,,,,,,,,,,,,,,,,,HTTP 404 에러
,,,,,,,,,,,,,,,,,,,,,HTTP 404 에러
,,,,,,,,,,,,,,,,,,,,,HTTP 404 에러
,,,,,,,,,,,,,,,,,,,,,HTTP 404 에러
,,,,,,,,,,,,,,,,,,,,,HTTP 404 에러
,,,,,,,,,,,,,,,,,,,,,HTTP 404 에러
,,,,,,,,,,,,,,,,,,,,,HTTP 404 에러
,,,,,,,,,,,,,,,,,,,,,HTTP 404 에러
,,,,,,,,,,,,,,,,,,,,,HTTP 404 에러
,,,,,,,,,,,,,,,,,,,,,HTTP 404 에러
,,,,,,,,,,,,,,,,,,,,,HTTP 404 에러
,,,,,,,,,,,,,,,,,,,,,HTTP 404 에러
,,,,,,,,,,,,,,,,,,,,,HTTP 404 에러
,,,,,,,,,,,,,,,,,,,,,HTTP 404 에러
,,,,,,,,,,,,,,,,,,,,,HTTP 404 에러
,,,,,,,,,,,,,,,,,,,,,HTTP 404 에러
,,,,,,,,,,,,,,,,,,,,,HTTP 404 에러
,,,,,,,,,,,,,,,,,,,,,HTTP 404 에러
,,,,,,,,,,,,,,,,,,,,,HTTP 404 에러
,,,,,,,,,,,,,,,,,,,,,HTTP 404 에러
,,,,,,,,,,,,,,,,,,,,,HTTP 404 에러
,,,,,,,,,,,,,,,,,,,,,HTTP 404 에러
,,,,,,,,,,,,,,,,,,,,,HTTP 404 에러
,,,,,,,,,,,,,,,,,,,,,HTTP 404 에러
,,,,,,,,,,,,,,,,,,,,,HTTP 404 에러
,,,,,,,,,,,,,,,,,,,,,HTTP 404 에러
,,,,,,,,,,,,,,,,,,,,,HTTP 404 에러
,,,,,,,,,,,,,,,,,,,,,HTTP 404 에러
,,,,,,,,,,,,,,,,,,,,,HTTP 404 에러
,,,,,,,,,,,,,,,,,,,,,HTTP 404 에러
,,,,,,,,,,,,,,,,,,,,,HTTP 404 에러
,,,,,,,,,,,,,,,,,,,,,HTTP 404 에러
,,,,,,,,,,,,,,,,,,,,,"요청 에러: HTTPSConnectionPool(host='anilife.app', port=443): Read timed out. (read timeout=20)"
,,,,,,,,,,,,,,,,,,,,,HTTP 500 에러
,,,,,,,,,,,,,,,,,,,,,HTTP 500 에러
,,,,,,,,,,,,,,,,,,,,,HTTP 500 에러
,,,,,,,,,,,,,,,,,,,,,HTTP 500 에러
,,,,,,,,,,,,,,,,,,,,,HTTP 500 에러
,,,,,,,,,,,,,,,,,,,,,HTTP 404 에러
,,,,,,,,,,,,,,,,,,,,,HTTP 404 에러
,,,,,,,,,,,,,,,,,,,,,HTTP 500 에러
,,,,,,,,,,,,,,,,,,,,,HTTP 404 에러
,,,,,,,,,,,,,,,,,,,,,HTTP 404 에러
,,,,,,,,,,,,,,,,,,,,,HTTP 404 에러
,,,,,,,,,,,,,,,,,,,,,HTTP 404 에러
,,,,,,,,,,,,,,,,,,,,,HTTP 404 에러
,,,,,,,,,,,,,,,,,,,,,HTTP 404 에러
,,,,,,,,,,,,,,,,,,,,,HTTP 404 에러
,,,,,,,,,,,,,,,,,,,,,HTTP 404 에러
,,,,,,,,,,,,,,,,,,,,,HTTP 404 에러
,,,,,,,,,,,,,,,,,,,,,HTTP 500 에러
,,,,,,,,,,,,,,,,,,,,,HTTP 500 에러
,,,,,,,,,,,,,,,,,,,,,HTTP 500 에러
,,,,,,,,,,,,,,,,,,,,,HTTP 500 에러
,,,,,,,,,,,,,,,,,,,,,HTTP 500 에러
,,,,,,,,,,,,,,,,,,,,,HTTP 500 에러
,,,,,,,,,,,,,,,,,,,,,HTTP 404 에러
,,,,,,,,,,,,,,,,,,,,,HTTP 500 에러
,,,,,,,,,,,,,,,,,,,,,HTTP 404 에러
,,,,,,,,,,,,,,,,,,,,,HTTP 500 에러
,,,,,,,,,,,,,,,,,,,,,HTTP 404 에러
,,,,,,,,,,,,,,,,,,,,,HTTP 404 에러
,,,,,,,,,,,,,,,,,,,,,HTTP 404 에러
,,,,,,,,,,,,,,,,,,,,,HTTP 404 에러
,,,,,,,,,,,,,,,,,,,,,HTTP 404 에러
,,,,,,,,,,,,,,,,,,,,,HTTP 404 에러
,,,,,,,,,,,,,,,,,,,,,HTTP 404 에러
,,,,,,,,,,,,,,,,,,,,,HTTP 404 에러
,,,,,,,,,,,,,,,,,,,,,HTTP 404 에러
,,,,,,,,,,,,,,,,,,,,,HTTP 404 에러
,,,,,,,,,,,,,,,,,,,,,HTTP 404 에러
,,,,,,,,,,,,,,,,,,,,,HTTP 404 에러
,,,,,,,,,,,,,,,,,,,,,HTTP 404 에러
,,,,,,,,,,,,,,,,,,,,,HTTP 404 에러
,,,,,,,,,,,,,,,,,,,,,HTTP 404 에러
,,,,,,,,,,,,,,,,,,,,,HTTP 404 에러
,,,,,,,,,,,,,,,,,,,,,HTTP 404 에러
,,,,,,,,,,,,,,,,,,,,,HTTP 404 에러
,,,,,,,,,,,,,,,,,,,,,HTTP 404 에러
,,,,,,,,,,,,,,,,,,,,,HTTP 404 에러
,,,,,,,,,,,,,,,,,,,,,HTTP 404 에러
,,,,,,,,,,,,,,,,,,,,,HTTP 404 에러
,,,,,,,,,,,,,,,,,,,,,HTTP 404 에러
,,,,,,,,,,,,,,,,,,,,,HTTP 404 에러
,,,,,,,,,,,,,,,,,,,,,HTTP 404 에러
,,,,,,,,,,,,,,,,,,,,,HTTP 404 에러
,,,,,,,,,,,,,,,,,,,,,HTTP 404 에러
,,,,,,,,,,,,,,,,,,,,,HTTP 404 에러
,,,,,,,,,,,,,,,,,,,,,HTTP 404 에러
,,,,,,,,,,,,,,,,,,,,,HTTP 404 에러
,,,,,,,,,,,,,,,,,,,,,HTTP 404 에러
,,,,,,,,,,,,,,,,,,,,,HTTP 404 에러
,,,,,,,,,,,,,,,,,,,,,HTTP 404 에러
,,,,,,,,,,,,,,,,,,,,,HTTP 404 에러
,,,,,,,,,,,,,,,,,,,,,HTTP 404 에러
,,,,,,,,,,,,,,,,,,,,,HTTP 404 에러
,,,,,,,,,,,,,,,,,,,,,HTTP 404 에러
,,,,,,,,,,,,,,,,,,,,,HTTP 404 에러
,,,,,,,,,,,,,,,,,,,,,HTTP 404 에러
,,,,,,,,,,,,,,,,,,,,,HTTP 404 에러
,,,,,,,,,,,,,,,,,,,,,HTTP 404 에러
,,,,,,,,,,,,,,,,,,,,,HTTP 404 에러
,,,,,,,,,,,,,,,,,,,,,HTTP 404 에러
,,,,,,,,,,,,,,,,,,,,,HTTP 404 에러
,,,,,,,,,,,,,,,,,,,,,HTTP 404 에러
,,,,,,,,,,,,,,,,,,,,,HTTP 404 에러
,,,,,,,,,,,,,,,,,,,,,HTTP 404 에러
,,,,,,,,,,,,,,,,,,,,,HTTP 404 에러
,,,,,,,,,,,,,,,,,,,,,HTTP 404 에러
,,,,,,,,,,,,,,,,,,,,,HTTP 404 에러
,,,,,,,,,,,,,,,,,,,,,HTTP 404 에러
,,,,,,,,,,,,,,,,,,,,,HTTP 404 에러
,,,,,,,,,,,,,,,,,,,,,HTTP 404 에러
,,,,,,,,,,,,,,,,,,,,,HTTP 404 에러
,,,,,,,,,,,,,,,,,,,,,HTTP 404 에러
,,,,,,,,,,,,,,,,,,,,,HTTP 404 에러
,,,,,,,,,,,,,,,,,,,,,HTTP 404 에러
,,,,,,,,,,,,,,,,,,,,,HTTP 404 에러
,,,,,,,,,,,,,,,,,,,,,HTTP 404 에러
,,,,,,,,,,,,,,,,,,,,,HTTP 404 에러
,,,,,,,,,,,,,,,,,,,,,HTTP 404 에러
,,,,,,,,,,,,,,,,,,,,,HTTP 404 에러
,,,,,,,,,,,,,,,,,,,,,HTTP 404 에러
,,,,,,,,,,,,,,,,,,,,,HTTP 404 에러
,,,,,,,,,,,,,,,,,,,,,HTTP 404 에러
,,,,,,,,,,,,,,,,,,,,,HTTP 404 에러
,,,,,,,,,,,,,,,,,,,,,HTTP 404 에러
,,,,,,,,,,,,,,,,,,,,,HTTP 404 에러
,,,,,,,,,,,,,,,,,,,,,HTTP 404 에러
,,,,,,,,,,,,,,,,,,,,,HTTP 404 에러
,,,,,,,,,,,,,,,,,,,,,HTTP 404 에러
,,,,,,,,,,,,,,,,,,,,,HTTP 404 에러
,,,,,,,,,,,,,,,,,,,,,HTTP 404 에러
